ds,actual_volume,yhat,yhat_lower,yhat_upper
2026-03-02,2.0,2.2159323807204316,1.5667407115141871,2.883626347003903
2026-03-03,2.0,2.12944697302546,1.4970348507537108,2.7767443150992506
2026-03-04,2.0,2.0840487050972594,1.4086423915901702,2.7230516964574094
2026-03-05,3.0,2.120754381382217,1.4727734083933317,2.772403282183129
2026-03-06,2.0,2.089040803358797,1.4516839949810678,2.7352021306720964
2026-03-07,0.0,0.15644855272457625,-0.4595613000504132,0.8176521123965732
2026-03-08,0.0,0.1278978563871136,-0.47175997144358717,0.7724141297302514
2026-03-09,2.0,2.0291942265952936,1.3584561981545802,2.6769394440205216
2026-03-10,3.0,1.935820840946917,1.2918302658230152,2.5838998655648098
2026-03-11,2.0,1.8880894193771978,1.2441706437913622,2.508192501986988
2026-03-12,2.0,1.931383959850058,1.317298892912666,2.565846123042007
2026-03-13,2.0,1.9035544735588106,1.255466758019608,2.571559244398484
2026-03-14,0.0,-0.016411968567725532,-0.6610497861365351,0.6678227510764186
2026-03-15,0.0,-0.02818627543558838,-0.6550021491364114,0.5921086557564992
2026-03-16,2.0,1.8944709511942164,1.2950113262092164,2.5223473594008268
2026-03-17,2.0,1.8277672305442483,1.2173791450869458,2.4477948655505126
2026-03-18,2.0,1.8056856897148235,1.152957205781156,2.468858750501533
2026-03-19,2.0,1.86926821435237,1.2311102454421905,2.50194259772348
2026-03-20,2.0,1.8757916038671227,1.2301675802015561,2.512984146970213
2026-03-21,0.0,-0.01737693820143571,-0.672861024901346,0.6323259599437542
2026-03-22,0.0,-0.0035758953854785336,-0.6858374058615341,0.6211500820301956
2026-03-23,2.0,1.942346435867988,1.3118284427458429,2.577683805952077
2026-03-24,2.0,1.8927574124258237,1.24678144037437,2.4739642616510036
2026-03-25,2.0,1.8880914314239092,1.2424419345462026,2.546832084380808
2026-03-26,2.0,2.001659570001363,1.3616617837906217,2.603117189854336
2026-03-27,2.0,2.0045088020596675,1.3296181980369868,2.6323284466556855
2026-03-28,0.0,0.11582415329332818,-0.4862891295532476,0.7904701087120968
2026-03-29,0.0,0.1293246150964822,-0.47797850700022304,0.7491035134051816
2026-03-30,2.0,2.0467262402408846,1.455411939479337,2.717227505143391
2026-03-31,2.0,2.0111240882253454,1.3670843736244165,2.6474211563050725
2026-04-01,2.0,2.0106911152012317,1.3086075600048002,2.6575261546295503
2026-04-02,2.0,2.0884982626285726,1.4385236638857728,2.76603931559409
2026-04-03,2.0,2.055473109927093,1.4674025807709503,2.689176718673579
2026-04-04,0.0,0.14252180610274134,-0.48419086420763996,0.7613808325760847
2026-04-05,0.0,0.12967434769354846,-0.5018662044090965,0.7510714318092064
2026-04-06,2.0,2.0505983840790005,1.4583023911420885,2.6699040496348796
2026-04-07,2.0,1.975821326134305,1.357783709697346,2.559034383161559
2026-04-08,2.0,1.8791828746896266,1.2519598969441537,2.561541631591839
2026-04-09,2.0,1.9316936700856981,1.3262949922561837,2.586192532527053
2026-04-10,2.0,1.8957376487409254,1.2830853041422259,2.5552352505373563
2026-04-11,0.0,-0.03922313736148508,-0.6794480189054888,0.5776885992457728
2026-04-12,0.0,-0.07073582826722236,-0.6742331598015665,0.5861036157650411
2026-04-13,2.0,1.8368301524942199,1.2183146890623688,2.4503498628217724
2026-04-14,2.0,1.7172910322977872,1.0598159204552124,2.36982716696054
2026-04-15,2.0,1.7198432965569095,1.119520989424397,2.3180069529122793
2026-04-16,2.0,1.6982660443778097,1.078161025879071,2.3720917165106177
2026-04-17,2.0,1.6830047808875883,1.081555931086305,2.347652254384802
2026-04-18,0.0,-0.24292784144293433,-0.8928491721459534,0.38763490290033825
2026-04-19,0.0,-0.2607444010629669,-0.8628774262151897,0.3837650442188794
2026-04-20,2.0,1.6886506331319922,1.0473718165597228,2.294270432509213
2026-04-21,2.0,1.5950661637923804,0.9103537301674038,2.2152297576619895
2026-04-22,2.0,1.5757256649807063,0.97740443295402,2.1935893907463013
2026-04-23,2.0,1.6012318892877917,0.9307264001452847,2.27471245505593
2026-04-24,2.0,1.6249107488701717,0.9658440800023832,2.266080719900357
2026-04-25,0.0,-0.27006688699622705,-0.8981222790548357,0.3885501320459785
2026-04-26,0.0,-0.2565578460622977,-0.9144522034534139,0.36660679799022605
2026-04-27,1.0,1.6670675174792926,1.0679469747394628,2.300827544051052
2026-04-28,2.0,1.6652873145612193,1.0380765916797503,2.2743111857358023
2026-04-29,2.0,1.6362284323591678,1.008390201475923,2.2576864753231636
2026-04-30,2.0,1.739560521254102,1.0894461351502602,2.412425960514669
2026-05-01,0.0,1.7613824064015433,1.1181983524326715,2.3756490593618245
2026-05-02,0.0,-0.11543773738121765,-0.7368734884738863,0.5111780058398965
2026-05-03,0.0,-0.08789737956168975,-0.7174884539469474,0.6148224381795032
2026-05-04,1.0,1.9104220701252133,1.3137080502065415,2.6091991788529123
2026-05-05,2.0,1.829891765202042,1.2318309201027609,2.4751051644308824
2026-05-06,2.0,1.831082846230249,1.1486956285726009,2.431976804971145
2026-05-07,2.0,1.948870725531371,1.3105195318492209,2.590499450795728
2026-05-08,2.0,1.9317436567608115,1.3284560985948313,2.5434452328274237
2026-05-09,0.0,0.04273413733484288,-0.6109560968811731,0.6950087350423512
2026-05-10,0.0,0.05459110260762157,-0.5953211770740202,0.6685939816618702
2026-05-11,2.0,1.995134739622662,1.3373664613972245,2.620802858850869
2026-05-12,2.0,1.9041119436096983,1.284521804216552,2.524287725928915
2026-05-13,2.0,1.8825234519867753,1.2653725821237465,2.524414144075086
2026-05-14,2.0,1.9743461114835126,1.3946391744698696,2.594501925480272
2026-05-15,2.0,1.9637058627659965,1.3304003308754233,2.6273262963221073
2026-05-16,0.0,0.05084205562408761,-0.6240260116324912,0.6604391282995372
2026-05-17,0.0,0.039823744929699645,-0.5831041801319748,0.6805544552860405
2026-05-18,2.0,1.985675497836965,1.298031699638885,2.5854869746670044
2026-05-19,2.0,1.8865790387050836,1.2776684704641372,2.551561573483129
2026-05-20,2.0,1.8484722461886367,1.2184965227669156,2.5146496975513952
2026-05-21,3.0,1.8768697668059544,1.2315986267076562,2.5280615674550537
2026-05-22,2.0,1.9065105673060778,1.2744089721797827,2.6048937829625203
2026-05-23,0.0,-0.013224189511960693,-0.6814515979375656,0.6259349077031012
2026-05-24,0.0,-0.027615109188426246,-0.6614174657185965,0.6354728879603612
2026-05-25,2.0,1.8247162254768623,1.1896496625808406,2.437489914206486
2026-05-26,2.0,1.7467653528836218,1.0518500779755424,2.355287594495333
2026-05-27,2.0,1.7800164149892028,1.1659915468075652,2.406746545350748
2026-05-28,2.0,1.8359148823282336,1.2223830125540351,2.4687519174791257
2026-05-29,2.0,1.761642639595903,1.1136189996253685,2.379763869008205
2026-05-30,0.0,-0.14469834922201041,-0.7821145177930126,0.4722282492784182
2026-05-31,0.0,-0.14433221657154305,-0.7912101677940282,0.43465402715016244
2026-06-01,0.0,1.788418599490642,1.1764746601841556,2.42077161371783
2026-06-02,0.0,1.7263628467163028,1.068743781324633,2.396059280972355
2026-06-03,1.0,1.7636017462832483,1.1772564359051112,2.4363530696943547
2026-06-04,2.0,1.834458560717961,1.2019310101129783,2.5031063747302618
2026-06-05,2.0,1.8266248843055497,1.1579638394463128,2.4372044039927445
2026-06-06,0.0,-0.06758110355513325,-0.7190507982769743,0.5355922674941944
2026-06-07,0.0,-0.056993964668959896,-0.723366564845737,0.5671658964292917
2026-06-08,2.0,1.8867068683792474,1.2579411132480178,2.5292414130432603
2026-06-09,2.0,1.8303511775909413,1.1589712649696609,2.4736528348453217
2026-06-10,2.0,1.7851669286199492,1.133060685033545,2.36158077126613
2026-06-11,2.0,1.9074935214131798,1.2844875191317378,2.5553376242817927
2026-06-12,2.0,1.8930785406575468,1.2334333130559798,2.5443153515000985
2026-06-13,0.0,-0.004388237067828316,-0.6409584038927614,0.6700890713463652
2026-06-14,0.0,0.0011838412682088073,-0.62965935299193,0.6288638843398241
2026-06-15,2.0,1.9351561528202543,1.3051384041799095,2.6230885227670844
2026-06-16,2.0,1.8714035106745257,1.2587209964431643,2.501993536562064
2026-06-17,2.0,1.8242643276050603,1.1933579022359566,2.5087222358703456
2026-06-18,2.0,1.9145224140629582,1.2978813887957878,2.525423755954499
2026-06-19,2.0,1.9431270879259581,1.3033890560278114,2.569935716921641
2026-06-20,0.0,0.03862721468708741,-0.5130540003187309,0.6689573316668788
2026-06-21,0.0,0.038351742034374636,-0.5940632984862254,0.6882644324883418
2026-06-22,2.0,1.9650003770256768,1.3034059808576273,2.58830966600015
2026-06-23,2.0,1.9020152554755132,1.2769481620281358,2.493788712852569
2026-06-24,2.0,1.8509713613356018,1.2381272531639267,2.4911941431913878
2026-06-25,2.0,1.9460441148453629,1.333144742142656,2.5998394452565012
2026-06-26,2.0,1.945381857669773,1.3141509216714524,2.6122502105605427
2026-06-27,0.0,0.04714261562203137,-0.6036310394559745,0.6634797459686329
2026-06-28,0.0,0.055160332189586825,-0.5474176635250994,0.6914178873370953
2026-06-29,2.0,1.971886326289737,1.3593970001032187,2.6099207571504186
2026-06-30,2.0,1.917296521440301,1.2818790727716358,2.549000744864887
2026-07-01,2.0,1.9320746158028668,1.3143428023357056,2.6198649505707077
2026-07-02,2.0,2.0107709883732356,1.3998456286612175,2.6735364158741817
2026-07-03,2.0,1.9998912289878144,1.3407351729572663,2.670841706437345
2026-07-04,0.0,0.11387186140513217,-0.48421772625433646,0.7382206944455934
2026-07-05,0.0,0.13279920208389218,-0.5062680636396271,0.7508794753014739
2026-07-06,2.0,2.0641426431555314,1.4547768730608477,2.687996125924976
2026-07-07,2.0,2.032720429369354,1.368233016562579,2.679759237358026
2026-07-08,2.0,2.027489235880156,1.387709953265052,2.6696501509802504
2026-07-09,2.0,2.088983546411441,1.4199436529176122,2.694285286457151
2026-07-10,2.0,2.0968849727811665,1.4449686661921746,2.755287787342111
2026-07-11,0.0,0.20200388917810663,-0.4438785752959924,0.8703677615978452
2026-07-12,0.0,0.20741537238646424,-0.42481973935966466,0.8885957185351516
2026-07-13,2.0,2.161926006740008,1.5126116974925716,2.8294868095489742
2026-07-14,2.0,2.0727295051226484,1.44400865311192,2.6936726673026685
2026-07-15,2.0,2.0578358630874263,1.4377065425925202,2.708777083413515
2026-07-16,2.0,2.086311764011475,1.4452398670077458,2.7256453860303753
2026-07-17,2.0,2.0721766806923965,1.4247589775673037,2.720086488000946
2026-07-18,0.0,0.13827898626993185,-0.47109659353999717,0.7892647770624466
2026-07-19,0.0,0.10207181122887521,-0.5397755232380488,0.757267945149139
2026-07-20,2.0,2.0072552093341014,1.3870679581533332,2.6584941452609794
2026-07-21,2.0,1.887462433053476,1.2373857522543317,2.502792974659481
2026-07-22,2.0,1.8035396462710067,1.1043388772516496,2.4640588973885738
2026-07-23,2.0,1.8064927029592708,1.1465881209043538,2.456362048402761
2026-07-24,2.0,1.731354251025314,1.0764934158715482,2.39705354099338
2026-07-25,0.0,-0.24085943426041734,-0.8916076845878442,0.40232411989039724
2026-07-26,0.0,-0.3113767799573972,-0.9687443150989168,0.3420977627756091
2026-07-27,2.0,1.5551388853463401,0.932729454209807,2.183406434168617
2026-07-28,2.0,1.4159029769369615,0.811339820374222,2.039434002078408
2026-07-29,2.0,1.3339385928292116,0.7342642325835458,1.975576387059244
2026-07-30,2.0,1.3024744195503006,0.6391894612012257,1.9426699867330568
2026-07-31,2.0,1.2434887107406563,0.5637950415213597,1.8628655126073865
2026-08-01,0.0,-0.723123599856246,-1.3444131775751127,-0.10335215779402579
2026-08-02,0.0,-0.7799543017310622,-1.4483834773968527,-0.12846032219070216
2026-08-03,0.0,1.0998316434445121,0.4710188693497354,1.7536391645340896
2026-08-04,0.0,0.9901654850388159,0.3400148911701975,1.5952035959919562
2026-08-05,0.0,0.9329741616551859,0.2902375340407367,1.5654711914707125
2026-08-06,0.0,0.9700004309853727,0.31198585197180384,1.6186308797639575
2026-08-07,0.0,0.9487143250934043,0.3421041813512452,1.5662740905832695
2026-08-08,0.0,-0.962203008556195,-1.5703366076440404,-0.3030776711686133
2026-08-09,0.0,-0.9589048296430664,-1.591977602472594,-0.3244022816880867
2026-08-10,0.0,0.9843730032738875,0.33504453760202907,1.5806856915025294
2026-08-11,0.0,0.9404123208032982,0.33378298108575993,1.533633238798103
2026-08-12,0.0,0.949938486775832,0.3038185517046016,1.6197459258981632
2026-08-13,0.0,1.0534682527257329,0.3924550022796457,1.6371772087824588
2026-08-14,0.0,1.0972495793224266,0.4903224389048846,1.7410017072501556
2026-08-15,0.0,-0.7512262489410901,-1.3178724999814253,-0.09571030384196205
2026-08-16,0.0,-0.68924269641721,-1.326886578575848,-0.09675666020752861
2026-08-17,2.0,1.3138489661032169,0.6469953942746376,1.939200255189573
2026-08-18,2.0,1.317404476797247,0.6721432238037509,1.959083471657641
2026-08-19,2.0,1.3685328463876412,0.7139302753788793,1.9779761679612586
2026-08-20,2.0,1.5017814777732128,0.8128281163611851,2.14720466361433
2026-08-21,2.0,1.5749977771027746,0.9588828914141864,2.2079404778652743
2026-08-22,0.0,-0.25478216293589795,-0.8338089187924439,0.3991509305759674
2026-08-23,0.0,-0.18226903924684867,-0.8412716683094094,0.3903287947712395
2026-08-24,2.0,1.8248151717352308,1.185018448494674,2.42021210293908
2026-08-25,2.0,1.8161680116562207,1.2120376794752856,2.4439399072758294
2026-08-26,2.0,1.855161033349483,1.2258495113814714,2.506670410491937
2026-08-27,2.0,1.9730616456045666,1.3730177309300806,2.6461791262484993
2026-08-28,2.0,2.016597847907201,1.3855735455043905,2.698902203808785
2026-08-29,0.0,0.1547219451270485,-0.4876781284982314,0.7710425076726832
2026-08-30,0.0,0.19043572805665665,-0.43818257999418675,0.8259152017112453
2026-08-31,2.0,2.1523629833206708,1.5024166440433164,2.808757141998393
2026-09-01,2.0,2.099782189611245,1.4622786943234434,2.708319806739841
2026-09-02,2.0,2.0991407364568424,1.4266802536212104,2.7589185272665326
2026-09-03,2.0,2.1631697157618306,1.54012105263497,2.7885630289370007
2026-09-04,2.0,2.1681227254845648,1.5374341264072189,2.8070730587276995
2026-09-05,0.0,0.26223469003037936,-0.3578657117816563,0.8992830756930764
2026-09-06,0.0,0.25611413443849207,-0.37583657969310424,0.8531225562698772
2026-09-07,2.0,2.179076377350771,1.5739655483747834,2.8105986873925954
2026-09-08,2.0,2.1021850310715817,1.457285808705931,2.728432074147972
2026-09-09,2.0,2.0644115998224852,1.4829661781681809,2.7149668950183563
2026-09-10,2.0,2.110262310813673,1.4899139500894483,2.7448261628909596
2026-09-11,2.0,2.0876223712729467,1.4680509995391788,2.728708738814997
2026-09-12,0.0,0.16535093535245582,-0.4956500111024275,0.7844049342986077
2026-09-13,0.0,0.14792264040825054,-0.4854328202935601,0.8382706391723587
2026-09-14,2.0,2.062654697902392,1.4465012362475163,2.7356863151202786
2026-09-15,2.0,1.9624452079485708,1.3299159299633798,2.6025128605666135
2026-09-16,2.0,1.9388282045925738,1.306860729479738,2.5959499849434517
2026-09-17,2.0,1.967826626444282,1.3705431530224776,2.613627078392176
2026-09-18,2.0,1.9820113737794818,1.302596982199317,2.5911944163647616
2026-09-19,0.0,0.0723365357738468,-0.5249577311287431,0.7342051481181467
2026-09-20,0.0,0.06958018016419598,-0.5630872257773067,0.6655660189483025
2026-09-21,2.0,1.9977475655711179,1.3243557135145279,2.6268106684278125
2026-09-22,2.0,1.9232647537610532,1.2574576298178308,2.527552543465976
2026-09-23,2.0,1.9089705803328538,1.2752660131290505,2.5603989753750342
2026-09-24,2.0,1.967820883332064,1.3683689983892569,2.562250337438987
2026-09-25,2.0,1.9918574115571896,1.3674417284717315,2.6507177350821864
2026-09-26,0.0,0.09585719671997595,-0.5577499444914846,0.7260090328907347
2026-09-27,0.0,0.1047726599268739,-0.5256889435231747,0.7829890729756807
2026-09-28,2.0,2.0223094301700835,1.3979109066713291,2.659324797941217
2026-09-29,2.0,1.9799788329510601,1.3649427176599114,2.641277052772185
2026-09-30,2.0,1.9559149163902638,1.2794215335296257,2.5629574689392114
2026-10-01,2.0,2.004575818261905,1.3695584134461156,2.6274394042489058
2026-10-02,2.0,2.0243468449395885,1.3277288233864772,2.6654550128559684
2026-10-03,0.0,0.12463115884156539,-0.5104771418238683,0.7393001398017686
2026-10-04,0.0,0.12759152893038106,-0.5315579716047133,0.7358001504940299
2026-10-05,2.0,2.058313194009174,1.402766922396728,2.629718081871482
2026-10-06,2.0,1.9984426971237315,1.3253421490885178,2.641024090422726
2026-10-07,2.0,1.9736269470522818,1.3240625163177833,2.609794298055432
2026-10-08,2.0,2.0378546623432023,1.3763985468208386,2.6654145641818108
2026-10-09,2.0,2.027502224400411,1.3880662389551943,2.6763432968923264
2026-10-10,0.0,0.11647602913903721,-0.4993604180822453,0.7682831644909011
2026-10-11,0.0,0.10877562895469262,-0.5146086225157146,0.7118388916351702
2026-10-12,2.0,2.029553532967244,1.3942933143417615,2.6500335388252463
2026-10-13,2.0,1.9495172183024385,1.3239289465533803,2.6152034819557888
2026-10-14,2.0,1.9007372091690438,1.279981019059575,2.533254233394496
2026-10-15,2.0,1.9504546315861213,1.3008633616960026,2.5815095790865463
2026-10-16,2.0,1.9623200888371184,1.2568142513955427,2.5581663452839827
2026-10-17,0.0,0.05117159935234006,-0.5905280088923135,0.6894361558567071
2026-10-18,0.0,0.04560923873109357,-0.6214376523819691,0.7434972775665681
2026-10-19,2.0,1.965429833140857,1.3235772121178864,2.6339533254318104
2026-10-20,2.0,1.8814038762315355,1.2593590984296312,2.4909437507286882
2026-10-21,2.0,1.8840074987648523,1.255497404401574,2.506054297236992
2026-10-22,2.0,1.8971827534062942,1.2636678234481595,2.5194086933011524
2026-10-23,2.0,1.9364144890045054,1.2921002725877964,2.5851745800146526
2026-10-24,0.0,0.03766611618021498,-0.6241202161934875,0.6996304799673938
2026-10-25,0.0,0.04519453182486077,-0.571757311206163,0.6451386818448638
2026-10-26,2.0,1.9916050538391852,1.3397307858602825,2.6377214675385576
2026-10-27,2.0,1.9359700802989686,1.3238174544624026,2.6058268225899135
2026-10-28,2.0,1.9260642145427331,1.2583654532077193,2.5941285838806647
2026-10-29,3.0,1.9868381953896161,1.3802498418037432,2.6387872838937145
2026-10-30,2.0,1.9683454659694428,1.4006191009277293,2.5872369223973646
2026-10-31,0.0,0.07969101449222515,-0.5195490124452464,0.7268596060567818
2026-11-01,0.0,0.095892421790438,-0.5312846159899949,0.7563434004304646
2026-11-02,2.0,2.0732708982291856,1.442734399185945,2.676371385312029
2026-11-03,2.0,2.0230775846329734,1.3997602414915578,2.693632058802083
2026-11-04,2.0,2.016960161747689,1.346158016419905,2.5813683370405824
2026-11-05,4.0,2.100749516098482,1.4797737057978009,2.776726135493001
2026-11-06,3.0,2.089191189716058,1.4760358370422242,2.7225007497330944
2026-11-07,0.0,0.19986987883691065,-0.4364856519382174,0.8461218950555778
2026-11-08,0.0,0.21421193655045423,-0.39966833892925696,0.857370261471424
2026-11-09,3.0,2.151398286657483,1.485272896814624,2.8487551821119164
2026-11-10,2.0,2.069538632098269,1.458258624763674,2.706171428840113
2026-11-11,2.0,2.109081648095657,1.4541406457842103,2.739298443053421
2026-11-12,2.0,2.1835810072557766,1.4680255888012899,2.846661770252083
2026-11-13,2.0,2.168779471024711,1.5395261401992857,2.7905722803984148
2026-11-14,0.0,0.27522262786933505,-0.39009119195097497,0.9167740345110762
2026-11-15,0.0,0.2856570169171797,-0.3400322259259683,0.9362687356708014
2026-11-16,3.0,2.228962049233796,1.602756555187455,2.875786092643963
2026-11-17,2.0,2.130279318123824,1.5305688936383213,2.749541769372529
2026-11-18,2.0,2.115269854358055,1.463537991670568,2.718894660448448
2026-11-19,3.0,2.2306481317476274,1.587465021419025,2.896458635356266
2026-11-20,2.0,2.247252295972567,1.5885685601910864,2.9702768138631943
2026-11-21,0.0,0.35244433856947,-0.28506786767464193,1.0355655469715677
2026-11-22,0.0,0.36166075992125957,-0.3042082664310728,1.0168488421142519
2026-11-23,2.0,2.2747132010481654,1.6027936234800777,2.932239745180176
2026-11-24,2.0,2.213252583077636,1.5548604808824094,2.7921220686217936
2026-11-25,2.0,2.202024248861262,1.5554404742913497,2.8217293608175797
2026-11-26,2.0,2.285616824246242,1.6862740793974984,2.9051096900628957
2026-11-27,3.0,2.269961851331288,1.6434518346760376,2.8883582825442287
2026-11-28,0.0,0.3678799586645499,-0.28686674201134843,0.9385943909438716
2026-11-29,0.0,0.36771142063730533,-0.29448650093984075,0.9744251857008511
2026-11-30,3.0,2.3029439032796826,1.6758852995960427,2.9344713705778687
2026-12-01,3.0,2.238094592804689,1.5762703119596335,2.885011761760949
2026-12-02,3.0,2.2138460625290604,1.6106037153407358,2.830262115705297
2026-12-03,2.0,2.2505787941479465,1.6390129391932207,2.8546244070141653
2026-12-04,2.0,2.203575910752811,1.572531677824334,2.814363473085459
2026-12-05,0.0,0.27658149052957404,-0.35430820767340687,0.9131210432153246
2026-12-06,0.0,0.24919655499138282,-0.38293503901818043,0.9015706469224662
2026-12-07,2.0,2.1623043700241715,1.5387352464157604,2.793769272340535
2026-12-08,2.0,2.058566064062692,1.3800970744008725,2.6851295303502436
2026-12-09,0.0,1.9944309723697975,1.3522464194633363,2.6416526745600235
2026-12-10,1.0,1.996048922900691,1.341846092381807,2.5694276487234635
2026-12-11,2.0,1.9456696764988641,1.2913299073285023,2.5833605690634207
2026-12-12,0.0,-0.012270934551770196,-0.701713114982565,0.6269557606618966
2026-12-13,0.0,-0.06886888478894315,-0.6834947205432533,0.559957176385865
2026-12-14,3.0,1.7974754236148862,1.186857588779805,2.427067374612559
2026-12-15,3.0,1.6622336807582077,0.9742402718821448,2.280809507201027
2026-12-16,3.0,1.585758560454802,0.8885454666605436,2.2121006367624907
2026-12-17,2.0,1.575143508182892,0.9157194093693426,2.1940816318845826
2026-12-18,2.0,1.522103534000852,0.8563242633345698,2.1571030097238664
2026-12-19,0.0,-0.439110913471088,-1.076569483817019,0.21365698418794504
2026-12-20,0.0,-0.4925840835568276,-1.1343581822694087,0.1624496098207235
2026-12-21,2.0,1.374373474331324,0.728035958624642,2.033964556782208
2026-12-22,0.0,1.2640081145342819,0.6382893062716959,1.8984381761877087
2026-12-23,0.0,1.204230341069354,0.5587207864002085,1.8358467274468433
2026-12-24,0.0,1.2369571879341357,0.5731801276857003,1.882167929448284
2026-12-25,0.0,1.2098856749905655,0.5443274716904705,1.8025392380052385
2026-12-26,0.0,-0.7080314462330004,-1.3790019975876038,-0.10071410338242362
2026-12-27,0.0,-0.7126408024632374,-1.3184391484391431,-0.022926087921535474
2026-12-28,0.0,1.2221526408477728,0.5406470041111155,1.8698761001192972
2026-12-29,0.0,1.1694742676205498,0.5144108012799343,1.7953202349514257
2026-12-30,0.0,1.1703936028324344,0.4934293405656278,1.7839201836236382
2026-12-31,0.0,1.2657600565255804,0.6047309198921712,1.8984094635690183
2027-01-01,2.0,1.322132699756208,0.6666896280133577,1.9857751359148959
2027-01-02,0.0,-0.5327255574635974,-1.236358573101942,0.09343306645445994
2027-01-03,0.0,-0.47586563405741766,-1.059964154825061,0.20523010539052097
2027-01-04,2.0,1.5147160497638463,0.8937209678030799,2.15293062003952
2027-01-05,2.0,1.488455702241942,0.8817224289871916,2.1253430654612964
2027-01-06,2.0,1.5489598537530584,0.9121786477096483,2.1636016597753085
2027-01-07,3.0,1.7043145399987774,1.0872477493346195,2.3218790388026616
2027-01-08,2.0,1.7668516754417642,1.116414650079042,2.367724839272493
2027-01-09,0.0,-0.05896705483650422,-0.7351699542958473,0.5508732363245928
2027-01-10,0.0,0.018669891116649406,-0.5898455152652486,0.6649406874776901
2027-01-11,3.0,2.0265482697017094,1.3892724420532614,2.6508982423008303
2027-01-12,2.0,2.0112272744547814,1.3346608497868506,2.6371610165022474
2027-01-13,2.0,2.071357952914006,1.410493434422125,2.6884234378081255
2027-01-14,3.0,2.204068465305266,1.5812619617514225,2.8733970123358645
2027-01-15,3.0,2.240581536260366,1.5923969253255528,2.925845385255829
2027-01-16,0.0,0.3840071851792518,-0.25814572139924347,1.0304805462633693
2027-01-17,0.0,0.4237429217513564,-0.20509191528704743,1.0851394627016937
2027-01-18,3.0,2.387277741973187,1.781342176806286,3.047980840277377
2027-01-19,2.0,2.326960741096221,1.7017577489780318,2.9504263144473604
2027-01-20,2.0,2.342406208729674,1.7675328934665708,2.9859846968729182
2027-01-21,3.0,2.4119551349523656,1.7525062648071468,3.0819615387621324
2027-01-22,3.0,2.3907681072630966,1.8141716590033383,3.0520195713420195
2027-01-23,0.0,0.47562976854337635,-0.11849845550168611,1.139518688485481
2027-01-24,0.0,0.45769978969414715,-0.1964387814933058,1.1233739633367559
2027-01-25,2.0,2.3604844749043314,1.7511032722507205,2.935618326724697
2027-01-26,3.0,2.2689572399815656,1.6395492264419553,2.931432532701772
2027-01-27,2.0,2.219525229303035,1.554571225221228,2.839987131633028
2027-01-28,2.0,2.238080417250357,1.5597567894464357,2.8372722900466636
2027-01-29,2.0,2.1985220263921574,1.5477672047950997,2.859953820025576
2027-01-30,0.0,0.25394315597344774,-0.3613000777674996,0.8824545857247459
2027-01-31,0.0,0.21387335392568674,-0.42678458654986545,0.7944414204701995
2027-02-01,2.0,2.105281636750135,1.4724714403656327,2.76596012916265
2027-02-02,2.0,1.9864414887582187,1.3653804559653568,2.6116968246596963
2027-02-03,2.0,1.9436747699557277,1.2999972362300585,2.595182413157145
2027-02-04,3.0,1.977958242264267,1.3093457087355247,2.6015176373351827
2027-02-05,3.0,1.9458339841980392,1.3804303958555442,2.589181347382258
2027-02-06,0.0,0.022268528211485616,-0.5981069233142681,0.6513896692788248
2027-02-07,0.0,0.008629654063577519,-0.6548032341627874,0.6338469601960076
2027-02-08,2.0,1.9290150773265478,1.3172341397441256,2.526798266608476
2027-02-09,2.0,1.8600675567389398,1.2127038257814713,2.443639722597263
2027-02-10,2.0,1.8430423648372876,1.265370347670582,2.4811196020907023
2027-02-11,2.0,1.9128166615891025,1.2526661111076223,2.56159366777911
2027-02-12,2.0,1.9201633675216956,1.2773267349605273,2.546626710320545
2027-02-13,0.0,0.03422680718989768,-0.6458125224304142,0.626972583339664
2027-02-14,0.0,0.05629366633455346,-0.5688250700798625,0.7064474998655397
2027-02-15,2.0,2.0096114668122693,1.387501955275606,2.6291679639958834
2027-02-16,2.0,1.9679992645572604,1.343188067619664,2.593067878823774
2027-02-17,2.0,1.9754022613066733,1.3003605249778138,2.6518243055617323
2027-02-18,2.0,2.0665061518353296,1.4083983169190328,2.7048548365063514
2027-02-19,3.0,2.0870586392915476,1.3895365640671435,2.710125248430582
2027-02-20,0.0,0.20903368813701984,-0.4861301309715121,0.8100230774679783
2027-02-21,0.0,0.23302148199573014,-0.41347754560664984,0.9082673461687805
2027-02-22,2.0,2.184972461975214,1.5876910085988027,2.8405486838754563
2027-02-23,2.0,2.134053357895575,1.475539590401091,2.7762579336013204
2027-02-24,2.0,2.1258597865555493,1.4746998878774953,2.755397539146634
2027-02-25,3.0,2.207879519695463,1.5497356553163275,2.8026874266005737
2027-02-26,2.0,2.2121479369363466,1.569555411461431,2.8388841675450793
2027-02-27,0.0,0.3067802060622391,-0.30668072590925066,0.9716099365561799
2027-02-28,0.0,0.3009003315498726,-0.36171770707562595,0.9269348351873817
2027-03-01,2.0,2.201808157824941,1.5640724218007132,2.842524314122842
2027-03-02,2.0,2.1540707392748617,1.5025774005498147,2.820838946501365
2027-03-03,2.0,2.1127256654926443,1.474230640752582,2.7502405829254024
2027-03-04,3.0,2.1646820819609616,1.4996539850940203,2.7593528931003486
2027-03-05,1.0,2.0856991890182823,1.4603817142191091,2.7263904070794314
2027-03-06,0.0,0.15457256307961664,-0.48771578485396044,0.8174815398365349
2027-03-07,0.0,0.1265152940586618,-0.5197705304982927,0.7614162311109652
2027-03-08,1.0,2.030262457210181,1.394836057998699,2.6778967821054342
2027-03-09,1.0,1.93310723176011,1.3359088451259054,2.55128499544336
2027-03-10,1.0,1.8833907529636396,1.2536350877326254,2.511398729200653
2027-03-11,2.0,1.9225754163574522,1.316404499325451,2.621625299032269
2027-03-12,2.0,1.8928505375943936,1.2961334237586883,2.548816114071181
2027-03-13,0.0,-0.031465431543935996,-0.6678086702237529,0.6312352646561867
2027-03-14,0.0,-0.04801092895602843,-0.6878238109361466,0.6378227534156198
2027-03-15,3.0,1.8696370652096825,1.2449870361490243,2.495181464533452
2027-03-16,1.0,1.7937940850456506,1.1621649798915963,2.400679086369807
2027-03-17,2.0,1.7666729218707593,1.1385388088032378,2.4002202206152976
2027-03-18,3.0,1.8293049121284135,1.1603571737444995,2.4507197481845933
2027-03-19,1.0,1.8274816641094493,1.172020580377447,2.457096351781169
2027-03-20,0.0,-0.06969089175961929,-0.7483716560864763,0.5602568150754785
2027-03-21,0.0,-0.05926285168091949,-0.717282580434975,0.6146234358498818
2027-03-22,2.0,1.8841827103197848,1.2137899554882772,2.5052896628264243
2027-03-23,1.0,1.832827918497581,1.189689546171483,2.428919683110429
2027-03-24,2.0,1.8271560136407676,1.1974801858196427,2.480859040193239
2027-03-25,2.0,1.90780436129072,1.2887561454904544,2.5562984621452456
2027-03-26,1.0,1.9208060656882968,1.280245487674568,2.5926938527138397
2027-03-27,0.0,0.03387658642606328,-0.6674619561722742,0.6300573014526729
2027-03-28,0.0,0.049967456412139954,-0.5957451103072487,0.6753151936923986
2027-03-29,2.0,1.994288767889116,1.3831067565538027,2.6483344632739
2027-03-30,2.0,1.9424458451865658,1.300256745397389,2.5675095976545816
2027-03-31,1.0,1.9356523668282755,1.2768302714393556,2.5579831199490206
2027-04-01,1.0,1.9993231101742373,1.356963359760484,2.6758370600049313
2027-04-02,2.0,1.9991512468628518,1.3607174613155115,2.631370902658518
2027-04-03,0.0,0.09155035986565241,-0.5330140654979105,0.7247951973057335
2027-04-04,0.0,0.08400923535533522,-0.5439550138988988,0.7238938160243082
2027-04-05,1.0,1.9984285106146111,1.3377897784969557,2.5759119434040225
2027-04-06,0.0,1.9158160280392118,1.3016060078910194,2.572444533378846
2027-04-07,1.0,1.877519815100538,1.2792346089032085,2.5396265671764584
2027-04-08,2.0,1.9152171016138593,1.2937942799060997,2.5817087209138583
2027-04-09,2.0,1.8841499919610685,1.2080087868597351,2.5311272209025577
2027-04-10,0.0,-0.04866767951223494,-0.6718710977376519,0.6293823488532837
2027-04-11,0.0,-0.07891767028156771,-0.744847889721462,0.6279019502932155
2027-04-12,2.0,1.8199045660892939,1.1488840195471866,2.45773861259108
2027-04-13,1.0,1.7195754449431973,1.1003965079269709,2.3375011322178145
2027-04-14,2.0,1.6976645366113128,1.0243652345786178,2.3307763204711778
2027-04-15,1.0,1.7024677188966146,1.088378012657469,2.4036456970655116
2027-04-16,1.0,1.665510762874818,1.0444654831047526,2.287996523173901
2027-04-17,0.0,-0.26439521136285893,-0.8797319902884966,0.37020645133432534
2027-04-18,0.0,-0.2868222646778016,-0.925234312222396,0.3308165787050673
2027-04-19,2.0,1.6419208414677309,1.0292739556382722,2.287217137139508
2027-04-20,1.0,1.577906952377298,0.9379986171601725,2.2563608345851205
2027-04-21,2.0,1.5142586236886129,0.8862647330717922,2.1411552497997786
2027-04-22,1.0,1.5714298928492973,0.8748612838796902,2.211559038965298
2027-04-23,2.0,1.581047068621277,0.9423002818198271,2.189221985809992
2027-04-24,0.0,-0.3194827529443103,-0.9430203356391209,0.2564407377855496
2027-04-25,0.0,-0.31117235834333457,-0.9380349169659422,0.3393428378486453
2027-04-26,1.0,1.612168498318395,0.9718514604887075,2.2479013334403186
2027-04-27,1.0,1.5618509817948163,0.9521546096845726,2.1569654256501116
2027-04-28,1.0,1.56303374852952,0.8971986976294065,2.1880205525722425
2027-04-29,1.0,1.648493032418982,1.0349180393854647,2.26161914409617
2027-04-30,2.0,1.6646187563263908,1.013836037267421,2.3144321257071776
2027-05-01,0.0,-0.21316541818244095,-0.8282602123965068,0.4197334804777386
2027-05-02,0.0,-0.18572340737817594,-0.7941508777427608,0.435326844204137
2027-05-03,1.0,1.8068349343523094,1.1721749221383446,2.4314694437564297
2027-05-04,2.0,1.7362855634956997,1.1418047338439277,2.4014003355840003
2027-05-05,2.0,1.7707901512323916,1.142792327805491,2.4538318678512594
2027-05-06,2.0,1.8423484708871287,1.2137466423767933,2.476476822325003
2027-05-07,0.0,1.8594558341057592,1.252363494836209,2.525502723489964
2027-05-08,0.0,-0.025549651441468146,-0.6559706283618274,0.6267307951395137
2027-05-09,0.0,-0.009351746046871945,-0.640720493905571,0.6492720201401007
2027-05-10,2.0,1.9356766872523088,1.276473609902951,2.6098388846610283
2027-05-11,2.0,1.864652369354109,1.2246031685163143,2.5342457520888946
2027-05-12,2.0,1.8611126133213474,1.2229098548064055,2.4584035517829945
2027-05-13,2.0,1.945566636172602,1.3485553412689548,2.5825770920539863
2027-05-14,2.0,1.9420828458616604,1.2704791176146888,2.551640978165856
2027-05-15,0.0,0.03292566756782778,-0.5973803095093634,0.6647675824911761
2027-05-16,0.0,0.02516479928579307,-0.5851563417520048,0.6862269647016164
2027-05-17,2.0,1.9133730748596856,1.320080715688156,2.5586983498825115
2027-05-18,2.0,1.8340961012900006,1.2146811489533367,2.4817328756395627
2027-05-19,2.0,1.7973974019060468,1.1658548512926679,2.3993633066855953
2027-05-20,2.0,1.8448845679102102,1.1554127391798577,2.5379749995566194
2027-05-21,2.0,1.84139460839409,1.205623371056598,2.472811730887064
2027-05-22,0.0,-0.07886358226903023,-0.7393618942558586,0.6013053995233734
2027-05-23,0.0,-0.09436412278664763,-0.7430635913876099,0.5485116645654999
2027-05-24,2.0,1.8089810995198063,1.1500925300028118,2.4403332977636265
2027-05-25,2.0,1.7289444760271884,1.1402147192672802,2.380844993830347
2027-05-26,2.0,1.7096226599578377,1.0513378228534362,2.342867028033452
2027-05-27,2.0,1.7628535694351266,1.0994653399902072,2.4095535373219663
2027-05-28,2.0,1.7357889148963184,1.0844892252015772,2.3997005372638034
2027-05-29,0.0,-0.1734862472346459,-0.820074940612126,0.47375929323896865
2027-05-30,0.0,-0.17601425565451634,-0.8338005418729527,0.5125196067509861
2027-05-31,2.0,1.7715756242474971,1.1485862700588525,2.4611321372972466
2027-06-01,0.0,1.706986120539147,1.0471647942374454,2.3362149522531745
2027-06-02,0.0,1.688761279344322,1.0269644625269645,2.319271915282597
2027-06-03,1.0,1.7456463410694034,1.0976007348166896,2.39552993908277
2027-06-04,2.0,1.7485270265468233,1.099443739267825,2.3475967606307293
2027-06-05,0.0,-0.14668791015429972,-0.788024316945543,0.5042668597510366
2027-06-06,0.0,-0.13665041845273662,-0.7296875395304606,0.514731256798174
2027-06-07,2.0,1.8190382578716777,1.165122532845514,2.4576237177744575
2027-06-08,2.0,1.7630672046705222,1.1071714169435671,2.4180459088808672
2027-06-09,2.0,1.7604191560702922,1.1257935727790995,2.4264941742893567
2027-06-10,2.0,1.8149442088665713,1.1787951135658112,2.4599435252683737
2027-06-11,2.0,1.8194285863724269,1.1795577640938495,2.4239714589311534
2027-06-12,0.0,-0.07647026083964881,-0.6739576696259613,0.6011075092737197
2027-06-13,0.0,-0.0692085276442802,-0.6750655987799443,0.5464214442060565
2027-06-14,2.0,1.8728142745581187,1.2940241245646837,2.5391395415414317
2027-06-15,2.0,1.8107642946155191,1.1479583325732599,2.4227955758860724
2027-06-16,2.0,1.7916799993931223,1.161585747321349,2.3793754827208837
2027-06-17,1.0,1.8567437990040028,1.2425774520361643,2.4307495940890087
2027-06-18,2.0,1.8530914935331455,1.268224498059659,2.5213816686578303
2027-06-19,0.0,-0.050740912572638575,-0.7064018672627184,0.582895328420177
2027-06-20,0.0,-0.050746047041253295,-0.6686517642588738,0.533446910550487
2027-06-21,1.0,1.9096540211182815,1.2666530172575026,2.605384159674538
2027-06-22,3.0,1.842905001913997,1.2190152723880587,2.4563964536674763
2027-06-23,2.0,1.7964159466736174,1.1591960251094002,2.4666658636017402
2027-06-24,2.0,1.8727409932672763,1.1785467621824535,2.542987959512592
2027-06-25,2.0,1.8582394024721074,1.2163318011860245,2.4856193217350646
2027-06-26,0.0,-0.04204605639931347,-0.7299325577988123,0.5815312325760645
2027-06-27,0.0,-0.03629018169208309,-0.6931846735372843,0.5712429728656737
2027-06-28,2.0,1.9074757309416739,1.2363788334343129,2.5078517527850295
2027-06-29,2.0,1.8722811037307399,1.2400279088951156,2.5665720390451843
2027-06-30,2.0,1.8614744497138562,1.241289633843577,2.482760524912862
2027-07-01,2.0,1.9379503288922162,1.2481655047253626,2.5670776148165557
2027-07-02,2.0,1.9486713093032915,1.3233067972044479,2.55367130097823
2027-07-03,0.0,0.06136232189132884,-0.5689508443250836,0.6764277526498117
2027-07-04,0.0,0.07956691892551881,-0.5257839001329591,0.7497931904588907
2027-07-05,2.0,2.0315925414654448,1.3876667354202181,2.6784218859537394
2027-07-06,2.0,1.965062699355042,1.309089685268063,2.5883957270290394
2027-07-07,2.0,1.9992878158309404,1.3846505912578697,2.6500990026638207
2027-07-08,2.0,2.0420353446556416,1.3886045824216435,2.6675927610924353
2027-07-09,2.0,2.072102914486013,1.4869430958871985,2.6671534736128373
2027-07-10,0.0,0.1814112358915363,-0.41400008400625243,0.7810467520277191
2027-07-11,0.0,0.1918860400084006,-0.4423282698655007,0.7979785411442261
2027-07-12,2.0,2.147583868902278,1.513103606164025,2.7838433637394346
2027-07-13,2.0,2.050862173146585,1.3925701948146703,2.660373925256527
2027-07-14,2.0,2.0413577196984836,1.4424325054187064,2.715317484559068
2027-07-15,2.0,2.1131920191647238,1.4647092925395122,2.7502369933960495
2027-07-16,2.0,2.093477930844825,1.5136867400107628,2.744655354958063
2027-07-17,0.0,0.1679690956507438,-0.4380593705140603,0.8002522936122419
2027-07-18,0.0,0.14018899699222143,-0.5273462980531213,0.79747696080243
2027-07-19,2.0,2.007752758099998,1.3940488248017315,2.63977927144118
2027-07-20,2.0,1.9142384149108063,1.2830838899684343,2.577789802553822
2027-07-21,1.0,1.858570675083647,1.2169993847198188,2.4608598668206603
2027-07-22,2.0,1.8541677561211674,1.2180883366819009,2.506712627303517
2027-07-23,2.0,1.7767863784425235,1.191631806398522,2.431010471836568
2027-07-24,0.0,-0.19066279850306977,-0.7852917584564872,0.45720069038204736
2027-07-25,0.0,-0.25760872675286395,-0.8948391616421298,0.345868279556207
2027-07-26,1.0,1.631974741155127,0.9989934273753689,2.206188570375332
2027-07-27,2.0,1.4694771771689112,0.8530484310476689,2.093156185914114
2027-07-28,2.0,1.3866438342592555,0.7340723760569133,2.027444570209832
2027-07-29,1.0,1.389489633288538,0.7631813564183261,2.0629414994868
2027-07-30,2.0,1.3023818746359175,0.7078546323107381,2.0037468030722243
2027-07-31,0.0,-0.6693390406896789,-1.2703224133952127,-0.04456484981501494
2027-08-01,0.0,-0.7326878749414054,-1.3735073772076192,-0.10049425946986906
2027-08-02,0.0,1.1392674060054382,0.517329105565651,1.7444240850744772
2027-08-03,0.0,1.020619921876132,0.4106563402327249,1.6766525148081133
2027-08-04,0.0,0.9534158976819882,0.2698461083830634,1.5207858794126814
2027-08-05,0.0,0.9795761895095937,0.37990866074576946,1.589531122524648
2027-08-06,0.0,0.9467688122218176,0.32161417116202945,1.5689871398317836
2027-08-07,0.0,-0.9761117368402206,-1.6638191607144626,-0.32128778702554894
2027-08-08,0.0,-0.9849949176917472,-1.6533972794502427,-0.31602470156449003
2027-08-09,0.0,0.9461124707852011,0.3016224328689961,1.5983680653178913
2027-08-10,0.0,0.890221250679576,0.2250170905394126,1.5219036025497914
2027-08-11,0.0,0.888280381546871,0.26879565181052856,1.5664007443428594
2027-08-12,0.0,0.9810196255554144,0.3255491194059155,1.6537875403171758
2027-08-13,0.0,1.014884452519347,0.36828079144433057,1.6324769234526708
2027-08-14,0.0,-0.8424563621952426,-1.4994817635145725,-0.19000655465627406
2027-08-15,0.0,-0.7881328115961934,-1.4308683406225204,-0.13921851871342253
2027-08-16,2.0,1.2095018507081938,0.551859412017775,1.8381869350726996
2027-08-17,1.0,1.2138643732994088,0.5460980601588707,1.8657078443254163
2027-08-18,2.0,1.251573951219938,0.5916949283287286,1.877284450323504
2027-08-19,2.0,1.3926904042372474,0.7898093286197085,2.0615637460425607
2027-08-20,2.0,1.457967824605701,0.8396864000310081,2.1060078311601345
2027-08-21,0.0,-0.37069767461471215,-1.0252784714584997,0.26513667679753383
2027-08-22,0.0,-0.29565277860170713,-0.9250228679943088,0.33143074956686586
2027-08-23,2.0,1.7108581923008284,1.111611240218484,2.365856795242851
2027-08-24,2.0,1.7146600191561376,1.0772061462232811,2.3441059506146966
2027-08-25,2.0,1.7626884936827147,1.0966381583327225,2.382231503729468
2027-08-26,2.0,1.8838454971581577,1.2150147471384682,2.5686494559909687
2027-08-27,2.0,1.9356509921695682,1.283548577150805,2.557854670269416
2027-08-28,0.0,0.08200045490009988,-0.5092794334539559,0.7841029641699486
2027-08-29,0.0,0.12626680058224093,-0.5013478608508739,0.8087601588015576
2027-08-30,2.0,2.0964122164281083,1.477192242074009,2.781453331951533
2027-08-31,2.0,2.0648285948356317,1.418060048034982,2.73842758168906
2027-09-01,2.0,2.0639835919844813,1.3906350996016763,2.7700983703552047
2027-09-02,2.0,2.1423713034402354,1.50366021491336,2.806241404897869
2027-09-03,2.0,2.150354000936609,1.4897500420372487,2.760809084746294
2027-09-04,0.0,0.25121986357893467,-0.3860900270447168,0.8820362090651224
2027-09-05,0.0,0.25106440486236603,-0.4141299463447174,0.9304658289181496
2027-09-06,2.0,2.1763222438644756,1.4876041736101118,2.8292860167158174
2027-09-07,2.0,2.1016313866130534,1.4233720855645668,2.7455003173466497
2027-09-08,2.0,2.066953584242502,1.4568011885565335,2.6831240025595102
2027-09-09,2.0,2.1150531253375244,1.5077366541003552,2.743394965577701
2027-09-10,2.0,2.0929303123373844,1.4507662702719013,2.7177956911635874
2027-09-11,0.0,0.17109479666914984,-0.48206948556928825,0.7825980882323733
2027-09-12,0.0,0.15331070165778993,-0.4863031865749293,0.8033044419158281
2027-09-13,2.0,2.0666023880255677,1.4428976374968057,2.6970781909012937
2027-09-14,2.0,1.9822988963472497,1.374952990521528,2.5810692053251048
2027-09-15,2.0,1.9449229664074,1.3120008673444576,2.5958488409490657
2027-09-16,3.0,1.9952655857661228,1.3324572578820704,2.58233263153093
2027-09-17,2.0,1.9757317987930993,1.3295966360771208,2.609988366573023
2027-09-18,0.0,0.0630202371734947,-0.5501657936328405,0.7070565925090938
2027-09-19,0.0,0.057211389694458825,-0.5729958218948782,0.674454390932167
2027-09-20,2.0,1.9894906222712816,1.3875145388116366,2.6297174641654406
2027-09-21,2.0,1.9221767993438297,1.2533840057278982,2.620109209983838
2027-09-22,2.0,1.9014473598795285,1.2383859827745867,2.5365758055008802
2027-09-23,2.0,1.9625786640933445,1.3212479724320638,2.5662100092704465
2027-09-24,2.0,1.9577231513163251,1.3246605658370785,2.6375337962381793
2027-09-25,0.0,0.060599136977307344,-0.5805964211006047,0.6685993556788892
2027-09-26,0.0,0.06890440167842615,-0.5473278001629611,0.7211345870892258
2027-09-27,2.0,2.013522563128436,1.411606085466878,2.6790818772145366
2027-09-28,2.0,1.9616069458426777,1.2889803541135094,2.5977573875368734
2027-09-29,2.0,1.940751048514911,1.3091612272096935,2.64414074793072
2027-09-30,2.0,2.012222226455558,1.4165205906356217,2.6455144944068945
2027-10-01,3.0,2.0176756081026688,1.359649824348024,2.651931194012927
2027-10-02,0.0,0.11996513963093491,-0.520834677114011,0.7522466339314443
2027-10-03,0.0,0.1251555253379324,-0.5374553668515732,0.7812485931213392
2027-10-04,2.0,2.0628808932516245,1.4338132781066824,2.6827973844204505
2027-10-05,2.0,1.9980695491976386,1.3820680663917877,2.605972501246146
2027-10-06,2.0,1.9660845706625132,1.3184613222936106,2.617282614769927
2027-10-07,2.0,2.0272104302141445,1.4371945472826724,2.6762741936904018
2027-10-08,2.0,2.028672028866363,1.4201110947431002,2.640134451487953
2027-10-09,0.0,0.11945602839537406,-0.5070058935588078,0.7654303556824855
2027-10-10,0.0,0.11324085042649767,-0.5309200776408303,0.7374114149341872
2027-10-11,2.0,2.0229273436004984,1.3999570720910683,2.638436979039096
2027-10-12,2.0,1.948147310255972,1.3011085247803742,2.637606004239596
2027-10-13,2.0,1.9285956242389486,1.2800313382100792,2.5720956841148555
2027-10-14,2.0,1.9828495451450159,1.399718911323036,2.6235660001290766
2027-10-15,2.0,1.9696036325114612,1.3163076241243723,2.6538375436217776
2027-10-16,0.0,0.05748111061219641,-0.5889897828406865,0.7020429140780594
2027-10-17,0.0,0.05057920093388968,-0.6317298379520221,0.6824775547564156
2027-10-18,2.0,1.9725259083128963,1.3431019857535955,2.5967988341767443
2027-10-19,2.0,1.8885052808952885,1.2369638929936302,2.5102586423786803
2027-10-20,2.0,1.8634336243498872,1.1917228651862943,2.4993405753651463
2027-10-21,2.0,1.9386667812887877,1.24970194187353,2.5772544534429334
2027-10-22,2.0,1.9218531307097315,1.2643732495461624,2.5427961388353855
2027-10-23,0.0,0.020799550632903285,-0.6144206634995079,0.6322604329014926
2027-10-24,0.0,0.026091701746179474,-0.5467913768860112,0.6796632910045225
2027-10-25,2.0,1.9619156458236628,1.3394427904337824,2.6114012023764976
2027-10-26,2.0,1.9160043555896336,1.2569133370291024,2.5328444647458817
2027-10-27,2.0,1.9044161297542836,1.247050840424641,2.564766669617506
2027-10-28,2.0,1.9796815759703572,1.2883422391950023,2.61311385381966
2027-10-29,2.0,1.9739068999268459,1.356395293523432,2.6072252990473808
2027-10-30,0.0,0.08444796967474733,-0.557376324064858,0.7108593849292427
2027-10-31,0.0,0.10016144800795623,-0.5366165419603613,0.7367039552090715
2027-11-01,0.0,2.046589649306185,1.4374882374451925,2.720308257586269
2027-11-02,3.0,1.9985355515065204,1.3726891239122463,2.6151601327708067
2027-11-03,2.0,1.9886190871036025,1.3320693904142717,2.643912041978802
2027-11-04,2.0,2.055494244012741,1.4375832861680964,2.6373141926823482
2027-11-05,2.0,2.092157046730633,1.443022008327044,2.7508978526162053
2027-11-06,0.0,0.2037729256811709,-0.4374508171441633,0.831170726115878
2027-11-07,0.0,0.21914747720184513,-0.4265418388867367,0.8343494089930346
2027-11-08,2.0,2.159685760234837,1.5142666734677417,2.814042617025175
2027-11-09,2.0,2.085989172152876,1.4393568444805487,2.7121016415058268
2027-11-10,3.0,2.090841354875074,1.4944206974422112,2.7305127874095536
2027-11-11,2.0,2.1597880835960237,1.5497509664313287,2.7794281722465226
2027-11-12,2.0,2.1669282004873125,1.5556648365207641,2.8381318283865933
2027-11-13,0.0,0.2741370192368233,-0.32035537987620666,0.9618553060229273
2027-11-14,0.0,0.2852185589130798,-0.33455750342088775,0.9349417934254781
2027-11-15,2.0,2.234869146009166,1.6198778637549223,2.9002535203537323
2027-11-16,2.0,2.1785985144655857,1.5520649112338927,2.8527089258846807
2027-11-17,2.0,2.166369346428404,1.4858990571035584,2.816867864518571
2027-11-18,2.0,2.228088705467965,1.615798810800007,2.862818356662215
2027-11-19,2.0,2.2036357316179536,1.58637447536385,2.814323918706418
2027-11-20,0.0,0.30926350561368365,-0.32462527661943213,0.9461197796008332
2027-11-21,0.0,0.3190509603610694,-0.3162121796089942,0.9545432103025799
2027-11-22,2.0,2.2734767730914136,1.6582427764750127,2.93062607653943
2027-11-23,2.0,2.2366879715912154,1.6340794218757126,2.910705212312299
2027-11-24,2.0,2.2226510561072277,1.5981966664261051,2.8740215018245587
2027-11-25,3.0,2.279127626193519,1.6349116770818057,2.9136032959990614
2027-11-26,2.0,2.2736493660187334,1.6224420005224942,2.914851870448443
2027-11-27,0.0,0.3742284312034597,-0.22393596132351515,1.0381198343751967
2027-11-28,0.0,0.3772255114488404,-0.2717851106233815,1.0300191058931212
2027-11-29,4.0,2.311557745700825,1.66479799537232,2.9842311695703625
2027-11-30,2.0,2.254615014395023,1.6299367666461066,2.8864625118853646
2027-12-01,3.0,2.211126869561077,1.5505251083018659,2.8160103611348877
2027-12-02,2.0,2.2810299372190292,1.6789312435017998,2.920122949579294
2027-12-03,2.0,2.2635033953762713,1.6116540915524653,2.872324379432494
2027-12-04,0.0,0.342385296611592,-0.2837429376423241,0.9623005825557096
2027-12-05,0.0,0.3211020021492228,-0.29964514760377864,0.9415549339712583
2027-12-06,4.0,2.1960385762623824,1.5708418862272424,2.8746052473274384
2027-12-07,2.0,2.1219800685275803,1.493112332550864,2.767572855394079
2027-12-08,2.0,2.0638985409065302,1.4371505132215607,2.7562496501121663
2027-12-09,0.0,2.086452892235176,1.4352563758506836,2.7028004394517935
2027-12-10,1.0,2.0367732743589926,1.3785078984619306,2.65925339581367
2027-12-11,0.0,0.08360840788425494,-0.5329298744712212,0.6937326279029283
2027-12-12,0.0,0.031065631245343894,-0.6003040431710068,0.631903381867221
2027-12-13,2.0,1.879110768013817,1.2486460719567,2.5494840738297895
2027-12-14,2.0,1.7481770575002473,1.0995043775047297,2.3906519021161188
2027-12-15,2.0,1.692245902971521,1.0574020317171764,2.33931210515561
2027-12-16,2.0,1.6678211476230311,1.0391331782813464,2.3141651076759153
2027-12-17,2.0,1.6287737544127223,0.9905365072478698,2.296240845313265
2027-12-18,0.0,-0.3350182428845334,-0.9631597524286725,0.3131198264973896
2027-12-19,0.0,-0.3923687029331777,-1.018566606132668,0.2530083845229207
2027-12-20,2.0,1.477569657626333,0.7889178010678396,2.074463881561048
2027-12-21,2.0,1.3607607414737475,0.7783268864526351,2.037135813184399
2027-12-22,0.0,1.2934151720132339,0.6989340238396575,1.9382848244316488
2027-12-23,0.0,1.3175121218007362,0.6808310985017706,1.9707499581576802
2027-12-24,0.0,1.2808796398506024,0.6511294341791153,1.9136618140329082
2027-12-25,0.0,-0.6473732721251972,-1.2636623906412385,0.04720289215125892
2027-12-26,0.0,-0.6629147785976801,-1.262285838503199,0.01954985830791121
2027-12-27,0.0,1.2605471663771306,0.6635179674759478,1.8830625743596288
2027-12-28,0.0,1.1963492742506232,0.5522984320412073,1.849656253757322
2027-12-29,0.0,1.185782011770365,0.5448675475913525,1.862730601196163
2027-12-30,0.0,1.2699202902182352,0.6479125804916019,1.8980938350109082
2027-12-31,0.0,1.2955462370634352,0.6620211108582521,1.8803663976966916
2028-01-01,0.0,-0.5693550981382969,-1.190634087300828,0.07718294898369377
2028-01-02,0.0,-0.5216290753982566,-1.139358712708476,0.10038185596982396
2028-01-03,3.0,1.4390498049457625,0.7843928555363974,2.080341740333967
2028-01-04,2.0,1.4468120608471255,0.8097118603340718,2.123303573005315
2028-01-05,2.0,1.4920049441762817,0.8409256662434805,2.176832629572104
2028-01-06,2.0,1.6270416610233558,1.022165082871174,2.2476372317095787
2028-01-07,2.0,1.6979123695574532,1.0544530811192752,2.347686666130233
2028-01-08,0.0,-0.1284645842991401,-0.7943467405664411,0.5148088596725041
2028-01-09,0.0,-0.04971846071477315,-0.656146244904079,0.5602523987310786
2028-01-10,2.0,1.9529163078790894,1.3006992573290548,2.65599361135061
2028-01-11,2.0,1.9624287343814553,1.3649294568848676,2.5988746022999134
2028-01-12,2.0,2.013058080258131,1.4096141127846342,2.640457069520996
2028-01-13,2.0,2.1289750979149478,1.4644605052084938,2.737640635039856
2028-01-14,2.0,2.203132191727836,1.5114818457996664,2.8645366978549816
2028-01-15,0.0,0.35592190538654467,-0.23773267454898667,0.9828678516305431
2028-01-16,0.0,0.4058195447174282,-0.2298356007754046,1.0664749285318844
2028-01-17,2.0,2.3595977839810303,1.7691603000968075,2.972315983937409
2028-01-18,2.0,2.339341202230982,1.7093254212278046,2.970690566013706
2028-01-19,2.0,2.3417379319159686,1.6795152252792014,2.995621936127564
2028-01-20,3.0,2.4121545675757297,1.7959261394626385,3.059580668295996
2028-01-21,3.0,2.4061875356263265,1.759949915816466,3.0440568236775944
2028-01-22,0.0,0.5010941122415817,-0.198306451998991,1.1303241747364532
2028-01-23,0.0,0.49240267398503945,-0.13144881290263236,1.170094750115031
2028-01-24,2.0,2.408257031778887,1.7944917942156098,3.0041354902673723
2028-01-25,2.0,2.329139375433809,1.6858834084710548,2.976429787822851
2028-01-26,2.0,2.2672901412935937,1.6482010211450087,2.9095457751194376
2028-01-27,2.0,2.3083278599465604,1.7237055818398914,2.9100395632155407
2028-01-28,4.0,2.2503013216531715,1.6436452897926315,2.8984807397816903
2028-01-29,0.0,0.30732888073849485,-0.3204241988062969,0.9384943046999985
2028-01-30,0.0,0.2674386036197549,-0.3475468764209435,0.9129662051335506
2028-01-31,2.0,2.169621595181432,1.5019483887982756,2.825231172835554
2028-02-01,2.0,2.0549373949324536,1.4451436646924303,2.6987864308207277
2028-02-02,2.0,2.0042046640669575,1.342700462687325,2.700585875711031
2028-02-03,2.0,2.032979013958569,1.3502524724487281,2.6483497730399206
2028-02-04,2.0,1.9978786090451077,1.3485292812440774,2.644461921338479
2028-02-05,0.0,0.06807313878665822,-0.5386497381443167,0.6852190586635588
2028-02-06,0.0,0.04771533663704908,-0.6104102276281489,0.6945723667172521
2028-02-07,3.0,1.9544111125265204,1.2515135265146624,2.5581889614079283
2028-02-08,2.0,1.882871043954356,1.231765502760032,2.5467516283078897
2028-02-09,3.0,1.8483574668038198,1.1920969341803542,2.509996930250355
2028-02-10,2.0,1.9157777526688464,1.2882280947545484,2.5515489614825713
2028-02-11,2.0,1.918017996739863,1.2851329409194432,2.5693969890260715
2028-02-12,0.0,0.02676050146837272,-0.6487174489058918,0.674383546578485
2028-02-13,0.0,0.04435047015378579,-0.550830966940632,0.6879516738234963
2028-02-14,2.0,1.9941072315433555,1.406240729895048,2.62609779767716
2028-02-15,2.0,1.9518300295179987,1.28301998063304,2.5271556412881315
2028-02-16,2.0,1.9612197305046124,1.3238150912045774,2.59327775927707
2028-02-17,2.0,2.0467174177448686,1.373138899548138,2.66798116072089
2028-02-18,2.0,2.070398836861207,1.4394079931352337,2.675382494986824
2028-02-19,0.0,0.19435847490222025,-0.46749646530221656,0.8686260877143676
2028-02-20,0.0,0.2213463980721151,-0.4250539590608172,0.8178749242129016
2028-02-21,4.0,2.178620095910765,1.5445563957736705,2.8250883234813506
2028-02-22,2.0,2.133735743261403,1.492692512784055,2.814598124405446
2028-02-23,2.0,2.1296047365040764,1.4921909946568115,2.72785994653057
2028-02-24,2.0,2.2030729771787914,1.5752301650765388,2.8626663667828116
2028-02-25,2.0,2.2080118871782086,1.53242795821139,2.888513934888322
2028-02-26,0.0,0.3089497830652206,-0.3428367847724113,0.9589805895917717
2028-02-27,0.0,0.3093405881290394,-0.31797980381064034,0.9639923094467157
2028-02-28,3.0,2.232981123760533,1.552463776374431,2.8377757898914493
2028-02-29,2.0,2.160151148572064,1.5492930893355845,2.7564207971879684
2028-03-01,2.0,2.123903290628289,1.482228246114878,2.7245546266341814
2028-03-02,2.0,2.168960362226073,1.4467774227104062,2.7360189686949634
2028-03-03,2.0,2.1427798741075588,1.5016529384804314,2.7461512622787674
2028-03-04,0.0,0.21448689876758475,-0.45208064254680935,0.8048802639521907
2028-03-05,0.0,0.18832969017912782,-0.45893398280625936,0.8169513243400687
2028-03-06,3.0,2.0891308373956567,1.4069276596506086,2.7149988512312455
2028-03-07,2.0,1.993974214803754,1.3395826767531651,2.620103145693194
2028-03-08,2.0,1.9471240183071252,1.3395325501976534,2.5647352713285883
2028-03-09,2.0,1.9785256270281257,1.345829770836768,2.640451153247188
2028-03-10,2.0,1.9477682629514588,1.3219254154201612,2.5683980102330404
2028-03-11,0.0,0.0200226384644282,-0.6144955219834316,0.6498881303141971
2028-03-12,0.0,-0.0005496878540220962,-0.6619171884979167,0.6061396410915152
2028-03-13,2.0,1.920499277339008,1.2962110993302427,2.571469774755767
2028-03-14,2.0,1.8355782578560302,1.192061371045435,2.4568829366509366
2028-03-15,2.0,1.803470365437767,1.2094558769177206,2.4469905589179346
2028-03-16,2.0,1.8560118475152305,1.196330837370228,2.5081740605863634
2028-03-17,2.0,1.8545044702594127,1.2608018777627497,2.47070054879168
2028-03-18,0.0,-0.047089743661316685,-0.670777537363304,0.5639516725236048
2028-03-19,0.0,-0.040610242344906844,-0.6842590678684044,0.5586439416443226
2028-03-20,2.0,1.8992174008996905,1.3319434566609663,2.541539907814519
2028-03-21,2.0,1.850164950117271,1.2136505507560664,2.486617071204327
2028-03-22,2.0,1.8326459266562172,1.2036639448915856,2.476122771437671
2028-03-23,2.0,1.9172981581206892,1.2303569609463911,2.545926126661372
2028-03-24,3.0,1.9250191698633659,1.2952874813216377,2.545427004729633
2028-03-25,0.0,0.03892789677095321,-0.6259094511619147,0.6438624994737678
2028-03-26,0.0,0.05675079554204743,-0.5684012983452877,0.720083771944383
2028-03-27,2.0,2.008908513062285,1.337741174215829,2.5805188981622087
2028-03-28,2.0,1.9518694195407504,1.312181832860685,2.6058209062163242
2028-03-29,2.0,1.94164253750236,1.2765700486743576,2.5622173744695567
2028-03-30,2.0,2.024082798757991,1.3991468415202954,2.6677109124578973
2028-03-31,2.0,2.0146510499678136,1.389365421081243,2.6281316459586948
2028-04-01,0.0,0.11242967042327878,-0.536411003608871,0.762021127954979
2028-04-02,0.0,0.11041990168426108,-0.4882613016471371,0.7698092406946628
2028-04-03,2.0,2.0447706677691806,1.404028765445856,2.647987244980246
2028-04-04,2.0,1.9674558925142884,1.312902943816699,2.5741949578869288
2028-04-05,2.0,1.954969092137369,1.3120145181505862,2.5406453279209082
2028-04-06,2.0,1.989898566192574,1.3404236044204159,2.56359515797953
2028-04-07,2.0,1.9628388691195424,1.325747477199949,2.6063428407911933
2028-04-08,0.0,0.03329052316600434,-0.6444483779853343,0.6289169622911803
2028-04-09,0.0,0.005514938786674417,-0.7051089795657342,0.6787490878251853
2028-04-10,2.0,1.8904586695179244,1.292284038986338,2.5170435678145915
2028-04-11,2.0,1.8421357464605694,1.221794835676952,2.4623287028385232
2028-04-12,2.0,1.738818838442238,1.0667346640212267,2.4096865743801104
2028-04-13,2.0,1.7980785891549527,1.1687220924056092,2.4128558108081175
2028-04-14,2.0,1.750618134710102,1.0887006505626435,2.3913140438921405
2028-04-15,0.0,-0.18219980400068136,-0.8646438580578278,0.4801237630871893
2028-04-16,0.0,-0.20830339822193378,-0.8381227988921587,0.46618282194774097
2028-04-17,2.0,1.7470894416099276,1.0740951950560846,2.3548848791871584
2028-04-18,2.0,1.6155319885213273,1.0239822590942032,2.2352932228237523
2028-04-19,2.0,1.601209952111773,0.933052310120357,2.2510237428932705
2028-04-20,2.0,1.6105882367714197,0.9159867737447001,2.262923478191822
2028-04-21,2.0,1.5990097446845577,1.0044223246579946,2.244503909291447
2028-04-22,0.0,-0.307194803481426,-0.954587680465822,0.3590672507098945
2028-04-23,0.0,-0.3043828553521686,-0.8899638809984124,0.32002907003665015
2028-04-24,2.0,1.6331956800623693,1.0072540573867153,2.3039798799785967
2028-04-25,0.0,1.5781344288784873,0.9010678379834055,2.2154362488899686
2028-04-26,1.0,1.5712485642999914,0.9585802653327217,2.238113409060914
2028-04-27,2.0,1.653266308958457,1.0345643769056811,2.3090002716379137
2028-04-28,3.0,1.6705263116668316,1.0340949203676002,2.314293414408238
2028-04-29,0.0,-0.20917046716776921,-0.8410956378122927,0.4344040012098341
2028-04-30,0.0,-0.18278823355662532,-0.825725045713915,0.4439583471142455
2028-05-01,0.0,1.7747888621988501,1.1773075528226664,2.393725801923638
2028-05-02,1.0,1.7358548892542185,1.1205549162929385,2.3818913055237494
2028-05-03,2.0,1.7844600863749864,1.1314744925439213,2.428598051816667
2028-05-04,2.0,1.8301320811789599,1.200547684180725,2.498394821294889
2028-05-05,2.0,1.8938461345343474,1.2624973990731214,2.5553641875255257
2028-05-06,0.0,0.012374135208706338,-0.6574622389527766,0.6765665260308842
2028-05-07,0.0,0.03259298440796754,-0.5972651582468149,0.6751719101851474
2028-05-08,2.0,1.9404318986895281,1.3166756605555967,2.595814468580116
2028-05-09,2.0,1.9291237390851335,1.291476937434381,2.5487190851664514
2028-05-10,2.0,1.9188652282195973,1.3100196947891358,2.6107394618662862
2028-05-11,2.0,1.9882739267755878,1.4018383921793627,2.62134554578792
2028-05-12,2.0,1.9425994383906304,1.3034846583901198,2.579115665633298
2028-05-13,0.0,0.03775126285939567,-0.621325124077031,0.6209094124563471
2028-05-14,0.0,0.033886962898512785,-0.5819733342774438,0.7014491238873063
2028-05-15,2.0,2.003161732016996,1.4132682886505987,2.6462581840898642
2028-05-16,2.0,1.9267827829756001,1.2991250436298585,2.5428196369822658
2028-05-17,2.0,1.8509773065641648,1.2354493822488073,2.5198564947293765
2028-05-18,2.0,1.9420253185131315,1.2689671314908249,2.5744087149386816
2028-05-19,2.0,1.8802321589859365,1.1998608118350174,2.5109943429382127
2028-05-20,0.0,-0.03971345977285545,-0.6530315967865112,0.6285944160708676
2028-05-21,0.0,-0.055540995103498636,-0.6465937466387227,0.5433999787162392
2028-05-22,2.0,1.9035538189353103,1.2962023636972313,2.5701725211536237
2028-05-23,2.0,1.782665476907215,1.164264260419453,2.440384208032314
2028-05-24,2.0,1.746628700074666,1.138864221886799,2.429191801927823
2028-05-25,2.0,1.7975256810860036,1.1810900710089227,2.445522013425599
2028-05-26,2.0,1.8212709083797551,1.1690570344416769,2.4206497561247673
2028-05-27,0.0,-0.09080374913792588,-0.6981928509234527,0.5446892548274938
2028-05-28,0.0,-0.09621808476094262,-0.726787705713949,0.5502232060729292
2028-05-29,2.0,1.79771954548692,1.1511428342545516,2.442541204821073
2028-05-30,2.0,1.7637737392339647,1.1198962977379399,2.418182083660039
2028-05-31,2.0,1.7095888070755916,1.0896890186568842,2.338436330762204
2028-06-01,0.0,1.7763011356656115,1.1323739331531464,2.394542774442417
2028-06-02,0.0,1.7772529321763342,1.1291926471424072,2.408279592043874
2028-06-03,0.0,-0.11948090355532148,-0.7831251468619681,0.5290587444067758
2028-06-04,0.0,-0.11052349426407981,-0.7571077793857366,0.4997535318216139
2028-06-05,1.0,1.8965212011175305,1.2389767981544222,2.5465811258423323
2028-06-06,2.0,1.7791698111509473,1.148732283290691,2.3787986342497303
2028-06-07,2.0,1.7675698453343864,1.1083469787385374,2.4112910325741277
2028-06-08,2.0,1.8412187052649736,1.233910485604936,2.477656119749829
2028-06-09,2.0,1.8467439948981639,1.2246525069269611,2.5075185280889802
2028-06-10,0.0,-0.04781265871523166,-0.6951819993472316,0.6040744172244603
2028-06-11,0.0,-0.038984447617571805,-0.6811596803698646,0.6112532896597742
2028-06-12,2.0,1.90472876984149,1.2599819776524568,2.5398611733138745
2028-06-13,2.0,1.8720638449343239,1.2326257459375118,2.5320990073849234
2028-06-14,2.0,1.8547057781796852,1.2526716355435565,2.491660611215688
2028-06-15,2.0,1.9213634271932851,1.2569525326140372,2.582651569670788
2028-06-16,2.0,1.8915309793329254,1.287785439977335,2.5291212007127823
2028-06-17,0.0,-0.011161298772667028,-0.6529878719352402,0.59541575279206
2028-06-18,0.0,-0.010364053191030065,-0.6498678218969248,0.6312810867558569
2028-06-19,2.0,1.9259667521100141,1.2607219426999843,2.5970749708868626
2028-06-20,2.0,1.8749358075360998,1.2006905562756611,2.543157212938467
2028-06-21,2.0,1.8367569377600113,1.219325050722464,2.4860827956311002
2028-06-22,2.0,1.9000352555468556,1.2779555712548705,2.514547972483818
2028-06-23,2.0,1.8963691016265456,1.2433997586118604,2.565129427548317
2028-06-24,0.0,-0.00561470158152777,-0.674013087105981,0.6153250298755841
2028-06-25,0.0,-0.0018700512284619553,-0.6511323079878466,0.6222465347812175
2028-06-26,2.0,1.9396563870287298,1.3561100465233653,2.5702258185597544
2028-06-27,2.0,1.8928417117941703,1.2529010140690364,2.515221435926077
2028-06-28,2.0,1.8795935245468494,1.2372967626187787,2.52405529964518
2028-06-29,2.0,1.941110701844955,1.3296239811068262,2.536355044706709
2028-06-30,2.0,1.9593370102445278,1.2976471555992017,2.557970879715654
2028-07-01,0.0,0.0701549708069591,-0.4954744696670762,0.7432353770695838
2028-07-02,0.0,0.08691327721247033,-0.5877045987119334,0.7509888479769488
2028-07-03,2.0,2.0311653145117017,1.4197685870115277,2.656497139758112
2028-07-04,2.0,1.9902122783373244,1.3870676860640545,2.653042224691088
2028-07-05,2.0,1.9841199243269674,1.4019634940985741,2.6450547090328533
2028-07-06,2.0,2.0620914920040594,1.4443003447660472,2.665084923957265
2028-07-07,2.0,2.075421510112119,1.4053294081470715,2.6979407804148368
2028-07-08,0.0,0.18776327631730605,-0.4560654099645845,0.816519445289175
2028-07-09,0.0,0.20217215030715252,-0.4438685812366015,0.8154058119696997
2028-07-10,2.0,2.149477409334009,1.5241592311865892,2.822496350441629
2028-07-11,2.0,2.090527942603809,1.5062460081955837,2.7534885521872154
2028-07-12,2.0,2.0714628142277034,1.4024612043239628,2.719364724391368
2028-07-13,3.0,2.1338768543283995,1.5278297340003217,2.7720730019072737
2028-07-14,2.0,2.1215424414194697,1.4890011745192084,2.7824899949644135
2028-07-15,0.0,0.20409712644968758,-0.44678178153178033,0.8736068521917372
2028-07-16,0.0,0.1846364233688127,-0.47105082977192325,0.8254630219692249
2028-07-17,2.0,2.0743549093611646,1.4012568312397327,2.67447076650979
2028-07-18,2.0,1.97690342568057,1.3532684320012034,2.615398304932674
2028-07-19,2.0,1.932377296766385,1.2679476611369371,2.5871506173084327
2028-07-20,2.0,1.9323660497293078,1.3238779646089063,2.573394123550748
2028-07-21,2.0,1.893158724108282,1.2736989425463703,2.5693720239022486
2028-07-22,0.0,-0.06826981665198883,-0.6776698467133585,0.5617308680668537
2028-07-23,0.0,-0.13020648146015357,-0.6957410452411772,0.5391739050756076
2028-07-24,2.0,1.7391131208581931,1.0852156849709007,2.359273639599448
2028-07-25,2.0,1.603337902655995,0.9622883796410936,2.279046579389639
2028-07-26,2.0,1.4667066370864843,0.8014127324206824,2.086283100896881
2028-07-27,2.0,1.5003827294434897,0.8386146152067521,2.127784546875649
2028-07-28,2.0,1.4234855535645532,0.7495847570285677,2.085918242644688
2028-07-29,0.0,-0.5515262988395715,-1.1864282646417081,0.03862990338915732
2028-07-30,0.0,-0.6196518950944849,-1.2651416204353003,0.015523335780870957
2028-07-31,2.0,1.2508565758770305,0.6211949161896203,1.85980066446166
2028-08-01,2.0,1.1339242869446038,0.5011532001541613,1.7793753078684995
2028-08-02,0.0,1.0579200445621662,0.3912295275690573,1.7280598607117035
2028-08-03,0.0,1.074207807220499,0.4163040056972678,1.7052139709868301
2028-08-04,0.0,1.0306280693540364,0.38514797217755015,1.63944239704275
2028-08-05,0.0,-0.9037312547750416,-1.5642035248719297,-0.2928401692256939
2028-08-06,0.0,-0.9245896695994631,-1.5458975184347472,-0.2660758006971618
2028-08-07,0.0,0.994267691375551,0.3568524778157165,1.645254206257156
2028-08-08,0.0,0.9260798913225733,0.2930295978957536,1.5444508130515844
2028-08-09,0.0,0.9120254002293383,0.27745511030783726,1.5022729976141342
2028-08-10,0.0,0.9930594191713098,0.3170312074533067,1.5609666410964826
2028-08-11,0.0,1.0158435486794977,0.39206470507771746,1.592736829044596
2028-08-12,0.0,-0.851751610228342,-1.5286105465613617,-0.2070689083157469
2028-08-13,0.0,-0.8066731580125586,-1.4453545209064131,-0.14907437011019378
2028-08-14,0.0,1.1760843049594856,0.5475854702701227,1.8397015062196358
2028-08-15,0.0,1.1685964563389024,0.5326176089213316,1.7645290393917425
2028-08-16,2.0,1.2109948243275035,0.6046965025338666,1.8784524622653287
2028-08-17,2.0,1.343141364846965,0.7281893425740126,1.9659232724053723
2028-08-18,2.0,1.4109852671841923,0.8060999057302607,2.033693217972018
2028-08-19,0.0,-0.41852951038682873,-1.0700542847231818,0.1730915379981598
2028-08-20,0.0,-0.3428379764496443,-1.0040819845728097,0.26755370458241073
2028-08-21,2.0,1.6658175669801198,1.0149406114320656,2.2528286624956335
2028-08-22,2.0,1.6730740536037085,1.0472120011552464,2.32365071399557
2028-08-23,2.0,1.7220097360112947,1.0863732271752078,2.3336283524799164
2028-08-24,2.0,1.8526752900070287,1.2099551968741067,2.4718200648941395
2028-08-25,2.0,1.879209356626812,1.2212408315077472,2.5558691893380536
2028-08-26,0.0,0.03300114017242772,-0.6071567485916656,0.6464193887200723
2028-08-27,0.0,0.08527879611660305,-0.5445615361873757,0.7535189444469733
2028-08-28,2.0,2.0958588724923057,1.4570356984286175,2.6995288433515214
2028-08-29,2.0,2.0685459602149114,1.4299389430142495,2.717143125134879
2028-08-30,2.0,2.042482924117303,1.4147784086141328,2.6319093061088097
2028-08-31,2.0,2.167308678735922,1.5305160879762334,2.8228878798038455
2028-09-01,2.0,2.1815446028411807,1.5525203662863205,2.7836861525671615
2028-09-02,0.0,0.2898962047638982,-0.35204105872466807,0.9003789730038084
2028-09-03,0.0,0.29657431620633634,-0.3725129857656828,0.9573403095457054
2028-09-04,2.0,2.192497202213146,1.5598345241682328,2.8178680614039697
2028-09-05,2.0,2.159419083392912,1.5565780246522127,2.7835800705927376
2028-09-06,2.0,2.0917181789840096,1.4835635867489037,2.6700336602847745
2028-09-07,2.0,2.1806079893073465,1.5707852266423115,2.784780044925553
2028-09-08,2.0,2.1616708366781823,1.4743062277470946,2.8040549063359728
2028-09-09,0.0,0.24128709439375196,-0.41239506243769153,0.9030722375639002
2028-09-10,0.0,0.22402550114459352,-0.4699369955092167,0.8532270380164904
2028-09-11,2.0,2.1375863004022095,1.5090726046571334,2.764359182660134
2028-09-12,3.0,2.053407239655917,1.422426515598072,2.6669550612503192
2028-09-13,2.0,1.9760751006341084,1.3295002828714224,2.617235673958108
2028-09-14,2.0,2.061813729642042,1.4153164113011873,2.6615184886165255
2028-09-15,2.0,1.962076288309807,1.3424809258940964,2.6052270060689966
2028-09-16,0.0,0.0463649852599779,-0.5655127192811207,0.6840593902283216
2028-09-17,0.0,0.0373849043754495,-0.5715403623591148,0.6851203548652867
2028-09-18,2.0,2.042887532655651,1.394475168042568,2.670220598758116
2028-09-19,2.0,1.9251097455606199,1.3110395102525785,2.6079759986507094
2028-09-20,3.0,1.94876383197471,1.340379235835117,2.628672298485709
2028-09-21,3.0,1.981213441776631,1.3342773906594319,2.5934373381611784
2028-09-22,2.0,1.963872545898458,1.3112262169589668,2.602760513675554
2028-09-23,0.0,0.06486259273467421,-0.5781113747576611,0.6959939900189562
2028-09-24,0.0,0.07176118957023814,-0.5157014087619101,0.7239733449824646
2028-09-25,2.0,2.0571943701932103,1.3790715407524277,2.670339602335914
2028-09-26,2.0,1.9994548679275885,1.3590813645699995,2.619640738518608
2028-09-27,2.0,1.9863089677136179,1.3156319906426668,2.554155061010037
2028-09-28,2.0,2.05845317666281,1.3985407396337228,2.7516649197532588
2028-09-29,2.0,2.0624580881471166,1.437707850548593,2.7210934803026445
2028-09-30,0.0,0.16620433083045238,-0.486818870409071,0.7777922701136623
2028-10-01,0.0,0.1731734894354704,-0.42470045071542495,0.8281602807207171
2028-10-02,2.0,2.1079141661917165,1.4645659457281306,2.7206085956513566
2028-10-03,2.0,2.045286548310136,1.3835593751983366,2.6887900053330265
2028-10-04,2.0,2.025168046807284,1.346393334052672,2.6208438074298206
2028-10-05,2.0,2.0886059809132926,1.4592599907877744,2.7320362031829366
2028-10-06,2.0,2.0825387581331087,1.4632856275942119,2.7206766331900343
2028-10-07,0.0,0.17529675391885324,-0.4849589037294981,0.8199226434435974
2028-10-08,0.0,0.1708065268368617,-0.47692265617978824,0.8170904924816571
2028-10-09,2.0,2.0933572460084013,1.5153562458546173,2.7741708636727656
2028-10-10,2.0,2.0196793702984763,1.3583642981624193,2.709134497635542
2028-10-11,2.0,1.989381466380088,1.3828193229749706,2.676011620663336
2028-10-12,2.0,2.043869818683835,1.403228449108302,2.7126124338519766
2028-10-13,2.0,2.0304292187026483,1.3559195744666255,2.655308173140236
2028-10-14,0.0,0.11767947450733218,-0.5601902186746847,0.8004432701875315
2028-10-15,0.0,0.1097431739840935,-0.5553849253375615,0.7067791251447229
2028-10-16,2.0,2.030376503431137,1.3848548108896384,2.711505388550455
2028-10-17,2.0,1.9576875366266404,1.3321584415453886,2.584771275119696
2028-10-18,2.0,1.9306414217491383,1.3365867356490222,2.5714639517704225
2028-10-19,2.0,1.8993810215649,1.2155849123783062,2.5296826315052465
2028-10-20,2.0,1.9844951042330798,1.3778161800954551,2.6395978057901472
2028-10-21,0.0,0.08094249766413286,-0.5494312926839974,0.7328296936620018
2028-10-22,0.0,0.08372075003375645,-0.5435693737222416,0.7438801166705764
2028-10-23,2.0,2.0156108977563414,1.3637603797077973,2.628158498464339
2028-10-24,2.0,1.9557158889665096,1.3251973773889343,2.588778123694517
2028-10-25,2.0,1.9419470837574981,1.312070838468616,2.577595247050824
2028-10-26,2.0,2.0152691404911565,1.3354759461219903,2.6394910788179824
2028-10-27,2.0,2.022462312119199,1.4035442207852604,2.6453463032000215
2028-10-28,0.0,0.131608224204824,-0.49359479423750086,0.6951410502185139
2028-10-29,0.0,0.14623650045037984,-0.510317288814504,0.8116288802832694
2028-10-30,2.0,2.045438393831914,1.3941307622026664,2.62436649431979
2028-10-31,2.0,2.037180364128059,1.3871225621762107,2.687112395136305
2028-11-01,0.0,2.031256566046836,1.3815659642278943,2.649595246269243
2028-11-02,2.0,2.0249165517146137,1.4127833107333208,2.6846429481089733
2028-11-03,2.0,2.079017645092444,1.4182313849862505,2.7131626346538535
2028-11-04,0.0,0.19118335223500593,-0.4605252311368395,0.830772219494985
2028-11-05,0.0,0.20726207512961614,-0.4569365353567162,0.8335290374967593
2028-11-06,3.0,2.192431625613245,1.5378172463941027,2.7540550005756326
2028-11-07,3.0,2.140621066538507,1.5069214523403813,2.8206354618511704
2028-11-08,3.0,2.132363548929465,1.5392741108618495,2.8042378978326936
2028-11-09,2.0,2.208722268946818,1.5827263194461385,2.838921525126231
2028-11-10,2.0,2.2166738742958194,1.5715651069897543,2.8274911660194633
2028-11-11,0.0,0.32458570329418945,-0.33989756804544174,0.9668076634546553
2028-11-12,0.0,0.33626035530640896,-0.3097449712929091,1.0304037925691418
2028-11-13,2.0,2.2728606729769796,1.6259176408266378,2.888306685074484
2028-11-14,3.0,2.2169584900431833,1.593119747889051,2.850952755242746
2028-11-15,3.0,2.2049844879324336,1.5211279901917092,2.8484297781948955
2028-11-16,2.0,2.278125779186066,1.6403151000799694,2.9292402644200037
2028-11-17,2.0,2.2834041826358966,1.6410075400415978,2.8941416877501243
2028-11-18,0.0,0.3891819142291415,-0.3136328233929226,1.0531483725932842
2028-11-19,0.0,0.39917923678813305,-0.2670830694697171,1.0722386142809204
2028-11-20,2.0,2.334020399668219,1.7686006269116752,3.0014669649870056
2028-11-21,2.0,2.276887301910065,1.626454213304359,2.9284544875825476
2028-11-22,4.0,2.2636141740718188,1.5768938010055797,2.919525508095297
2028-11-23,3.0,2.3350829737123653,1.7989668154692369,2.9578480887703344
2028-11-24,3.0,2.2871680703745607,1.6710875179276474,2.9094559302830754
2028-11-25,0.0,0.3896163079632179,-0.2889576438235778,1.0404224875161838
2028-11-26,0.0,0.3949502709241942,-0.24570774022391037,1.018688207120547
2028-11-27,3.0,2.352856988344871,1.744339019139637,2.983371905271162
2028-11-28,2.0,2.3085371834262833,1.6921450823735646,2.932010754650077
2028-11-29,2.0,2.2847110696344792,1.6560546270949956,2.887222788814279
2028-11-30,2.0,2.3431639859176485,1.7151338812859984,2.9711077343483425
2028-12-01,2.0,2.3304589796666373,1.6787051788452432,2.988244848394725
2028-12-02,0.0,0.41457273854237175,-0.213245887161583,1.0281906255319662
2028-12-03,0.0,0.39886137463185256,-0.22860718738761823,1.061465385395527
2028-12-04,2.0,2.2454691274105447,1.5703105952632692,2.8360093637669332
2028-12-05,2.0,2.2115617898795534,1.5833169808141974,2.852316732587438
2028-12-06,2.0,2.1594730364499393,1.5374579782893614,2.824676613337216
2028-12-07,2.0,2.187893523523685,1.5831420538957646,2.8337474267592926
2028-12-08,4.0,2.143866411152586,1.5629414744891066,2.799410042439548
2028-12-09,0.0,0.1959432854651717,-0.46025178807492695,0.8036500500118732
2028-12-10,0.0,0.14810150682343037,-0.46220265772591607,0.7624671453870818
2028-12-11,1.0,1.9689234437392065,1.353955112740925,2.6104511562768073
2028-12-12,3.0,1.8644552105755918,1.2613131562497784,2.4819509512755613
2028-12-13,2.0,1.7929082651165815,1.1470920058633316,2.423676874708945
2028-12-14,2.0,1.7961758996360477,1.175437911416043,2.446080928503139
2028-12-15,3.0,1.7564824390532483,1.1031369915220102,2.395939969323564
2028-12-16,0.0,-0.20851807489384866,-0.8855258415901709,0.4101090508061401
2028-12-17,0.0,-0.2683549417752926,-0.9458444015180746,0.3876283741688032
2028-12-18,3.0,1.5978036112240985,0.9778420883637353,2.2978264270901985
2028-12-19,2.0,1.475929432288757,0.8368128489885525,2.125705722236062
2028-12-20,3.0,1.4022007038775788,0.7814200896076883,2.0186294329418644
2028-12-21,2.0,1.4187429495055603,0.7566577450128927,2.0660424581026082
2028-12-22,0.0,1.3735021449483202,0.7348018966728352,2.0295087856809095
2028-12-23,0.0,-0.564325385484004,-1.2283087489749362,0.08485283726241591
2028-12-24,0.0,-0.5902576063709108,-1.1903565377676981,0.06375982453080455
2028-12-25,0.0,1.3221707566194707,0.6949871430323176,1.9934388660163205
2028-12-26,0.0,1.2464891652231935,0.625298625555152,1.8677069959720458
2028-12-27,0.0,1.2241962590595994,0.5731102720751708,1.8942311789381494
2028-12-28,0.0,1.2965859498192973,0.6712630442928198,1.8562656518165006
2028-12-29,0.0,1.310665214823929,0.6879798455074346,2.0082678932371922
2028-12-30,0.0,-0.5653554332695387,-1.2106374530062507,0.007147030259410397
2028-12-31,0.0,-0.5281006381081057,-1.1476260699413683,0.07420743578056184
2029-01-01,3.0,1.4355046507219926,0.7884483722992006,2.0882794150959705
2029-01-02,2.0,1.4222421893576742,0.8206750146779473,2.055672117198851
2029-01-03,2.0,1.4601044263926386,0.8238791566230801,2.0776086870222086
2029-01-04,2.0,1.5892783219814146,1.005790842200913,2.2326921992792643
2029-01-05,2.0,1.6556297012183392,1.0580619120620105,2.345435959428164
2029-01-06,0.0,-0.17360279988127658,-0.7835446790451477,0.46922951819289194
2029-01-07,0.0,-0.09606418073250578,-0.762714390183958,0.5128619217345675
2029-01-08,3.0,1.9069738026886087,1.2905005734569128,2.536477042474588
2029-01-09,2.0,1.9186193647105472,1.327055519273533,2.5233918556188226
2029-01-10,2.0,1.9593298324928186,1.287102460045263,2.633352085786443
2029-01-11,2.0,2.1097864992894984,1.496690977799934,2.7640250469537553
2029-01-12,2.0,2.161314728312095,1.5158306046422338,2.8383262181188673
2029-01-13,0.0,0.32194422535994405,-0.31422364042644046,0.9526431316372111
2029-01-14,0.0,0.38073610569354965,-0.20716472308496864,1.0337508091906806
2029-01-15,2.0,2.3707007290065505,1.717538651722543,3.0481763982055945
2029-01-16,4.0,2.344624839780934,1.6798250560294414,2.9409916186437424
2029-01-17,2.0,2.3545881041540584,1.6910615480854725,2.995443120215952
2029-01-18,2.0,2.450925989493956,1.810859383183884,3.0751534455612437
2029-01-19,2.0,2.457975807100574,1.7932650181607883,3.0936865966884968
2029-01-20,0.0,0.563407573043761,-0.07994786488009334,1.1952396906637412
2029-01-21,0.0,0.5646942424402949,-0.04228634523796149,1.2204028007281027
2029-01-22,2.0,2.4854721588247366,1.7827862234333773,3.106697782384119
2029-01-23,2.0,2.408180319288654,1.7505610210979787,3.088945961920921
2029-01-24,2.0,2.3645838854998913,1.7549666882903168,2.974591349069203
2029-01-25,2.0,2.400446896361336,1.776267698228026,3.038855111955577
2029-01-26,2.0,2.363734701136587,1.7329723985989476,2.99525816853796
2029-01-27,0.0,0.4239323528135336,-0.24728186098982413,1.019979058757608
2029-01-28,0.0,0.3857719022323636,-0.23526236340958478,1.0135368771133986
2029-01-29,3.0,2.271424530390225,1.604055163988605,2.844906050826563
2029-01-30,2.0,2.164524063216345,1.4913226812936642,2.784797405262985
2029-01-31,2.0,2.1025561287151806,1.4547730385635076,2.7465567808343807
2029-02-01,2.0,2.1266193327487253,1.4743891483144291,2.7482929297666545
2029-02-02,2.0,2.087909001916161,1.4258269809921038,2.7061366609052624
2029-02-03,0.0,0.15250470922422998,-0.45874525320850573,0.8329888289586693
2029-02-04,0.0,0.12582118683514198,-0.5018089260410222,0.7820365392769889
2029-02-05,2.0,2.0310961580302775,1.3595799471775991,2.675398662436958
2029-02-06,2.0,1.9468737765700692,1.3140970691296179,2.581121562726349
2029-02-07,2.0,1.9137127585613327,1.2918916449903846,2.5697244540720794
2029-02-08,2.0,1.971707105205465,1.2670322798132587,2.6041047831136317
2029-02-09,2.0,1.9690518378484816,1.3455257838002657,2.5563541769045206
2029-02-10,0.0,0.07138665343889872,-0.5565126300589743,0.6728267629057664
2029-02-11,0.0,0.08322911231201058,-0.5576330261430321,0.6627443299852752
2029-02-12,2.0,2.0248194287534442,1.415518451876452,2.6502817544533133
2029-02-13,2.0,1.9784954432114512,1.3390111687141828,2.6227975766020544
2029-02-14,2.0,1.9796982706153297,1.329024878977576,2.6426306184925163
2029-02-15,2.0,2.0686864086167045,1.4011479485046299,2.6853152079253375
2029-02-16,2.0,2.0950008466570846,1.4447637197195626,2.7581893248302567
2029-02-17,0.0,0.21934404526284612,-0.39265440097382587,0.8448466636310902
2029-02-18,0.0,0.2478135166658575,-0.35438439376153785,0.9032392932978947
2029-02-19,2.0,2.20375191189968,1.5473029220909587,2.8302683212678446
2029-02-20,2.0,2.1573657129423847,1.4994981034552444,2.7738759129429877
2029-02-21,2.0,2.1575099857381246,1.548928311888701,2.812835220689733
2029-02-22,2.0,2.244747095126877,1.6510791202639055,2.8991647088486774
2029-02-23,3.0,2.25697570836344,1.629650181661893,2.9263404253930867
2029-02-24,0.0,0.36379498758178896,-0.25654008258717426,1.0060266084854415
2029-02-25,0.0,0.37025634183325384,-0.32423736233259687,0.9872717298048076
2029-02-26,2.0,2.3054811975731324,1.6789284313948472,2.9488464155044336
2029-02-27,2.0,2.228913782906993,1.5684307709915626,2.8567128076192665
2029-02-28,2.0,2.1917287660865994,1.520717343946805,2.8090563882876185
2029-03-01,2.0,2.2418575884258978,1.5943415216538566,2.854260081891068
2029-03-02,3.0,2.2245943851768137,1.6099776923055937,2.878767011418775
2029-03-03,0.0,0.2999945483272213,-0.30454745508493225,0.9737914254205629
2029-03-04,0.0,0.27667980984979246,-0.36280410234058164,0.9081374308544031
2029-03-05,2.0,2.1748539020559656,1.536259219520135,2.7988411014487573
2029-03-06,2.0,2.088299122800951,1.5023917581465194,2.714272365713187
2029-03-07,2.0,2.0298201272193688,1.3558667681558905,2.6341649365770756
2029-03-08,2.0,2.0719772445579707,1.4314926419776244,2.7119115883841918
2029-03-09,2.0,2.0393851120915176,1.3438730379604666,2.7007371448565896
2029-03-10,0.0,0.10890966185912454,-0.5196332465973064,0.7645273086928156
2029-03-11,0.0,0.08486094282503909,-0.5393515264502018,0.733681290066312
2029-03-12,2.0,1.9930949011890278,1.3208885505797274,2.6077633691206388
2029-03-13,2.0,1.8997066618217517,1.2784740047326468,2.5151623980835716
2029-03-14,2.0,1.8625770287100272,1.2269245548142895,2.5455051943642313
2029-03-15,2.0,1.9147033254980927,1.3046501946169669,2.5526803202943826
2029-03-16,3.0,1.9031956757081372,1.2943145552364428,2.5940897916020225
2029-03-17,0.0,-0.0034241442446927284,-0.6473682968818364,0.6100501953882155
2029-03-18,0.0,-0.001678473776334899,-0.6423508116899794,0.5575068900145592
2029-03-19,2.0,1.9336361065753542,1.2916914689567518,2.634972710179637
2029-03-20,3.0,1.8757895639897735,1.2364696353993017,2.527156739414599
2029-03-21,2.0,1.8652672592486073,1.2314749742532909,2.483811339178804
2029-03-22,2.0,1.9425318860677825,1.3482469991585042,2.612036231809533
2029-03-23,2.0,1.9539734999498617,1.278036939792583,2.565684110006631
2029-03-24,0.0,0.06736668238819332,-0.5657629883667227,0.7487750859971132
2029-03-25,0.0,0.08558479177218103,-0.5353185624273803,0.7460690277788126
2029-03-26,2.0,2.033894020712026,1.3989771736013565,2.681127680787693
2029-03-27,2.0,1.9840423264704066,1.3571344154315048,2.6341321948599714
2029-03-28,2.0,1.9768007656885096,1.3089165353861207,2.625269262177096
2029-03-29,2.0,2.052581206948189,1.3712516142330016,2.662250400966907
2029-03-30,2.0,2.0577674504831176,1.3910961395296213,2.7133702481957345
2029-03-31,0.0,0.1603071786033723,-0.4787835070575674,0.8003499490516413
2029-04-01,0.0,0.163399099542046,-0.4629497831356471,0.8213505338260666
2029-04-02,2.0,2.102487421943696,1.463433734597247,2.8007623896381295
2029-04-03,2.0,2.0305330327463533,1.3723995836646676,2.6634703879260386
2029-04-04,2.0,1.9985097102126872,1.383903919271328,2.618280078709675
2029-04-05,2.0,2.056035777580262,1.483119576072516,2.7461365222748952
2029-04-06,2.0,2.0250825577662996,1.3937141628751002,2.6190389448662956
2029-04-07,0.0,0.09948396936035908,-0.5742287282589105,0.7326133851684966
2029-04-08,0.0,0.07498378543654427,-0.6415278528575316,0.6690283828336842
2029-04-09,2.0,1.9820952143667414,1.3725309155381045,2.6275757270978213
2029-04-10,2.0,1.881813934251937,1.2518660638965644,2.566401501292327
2029-04-11,2.0,1.8370201835662436,1.1959471880789627,2.4568213585992726
2029-04-12,2.0,1.8600288947312222,1.1600791490546565,2.5063557058963295
2029-04-13,2.0,1.8238140460877543,1.1591641248725264,2.421065842072644
2029-04-14,0.0,-0.1110308002348761,-0.7510380433202067,0.5237772642799018
2029-04-15,0.0,-0.1400208439030486,-0.7766459546781639,0.494137541332091
2029-04-16,2.0,1.7632860576594844,1.1145205007981795,2.4224241234780313
2029-04-17,2.0,1.6725901168299517,1.0832488239176208,2.3188509058211078
2029-04-18,2.0,1.6337892081378735,1.0123138909876912,2.322470157970544
2029-04-19,2.0,1.6800820488396648,1.0413953269485636,2.3012876321931737
2029-04-20,2.0,1.6585815426376995,0.9918012196369516,2.305475362102574
2029-04-21,0.0,-0.2534867717500804,-0.865543260582363,0.39715373270065746
2029-04-22,0.0,-0.25654927474307754,-0.8552590885163501,0.3960953070267272
2029-04-23,2.0,1.675142145587321,1.044939604274146,2.3095404728007907
2029-04-24,2.0,1.6146766922739721,0.9845474021120136,2.2673600082636005
2029-04-25,0.0,1.6027946201141543,0.9649218562472762,2.2538310846227327
2029-04-26,1.0,1.6803043508050668,1.0546560557134137,2.2881336787306745
2029-04-27,2.0,1.6979575172375698,1.0768059820737594,2.319306502247494
2029-04-28,0.0,-0.18484159160996394,-0.8629654798210598,0.44785227941932837
2029-04-29,0.0,-0.16075908650068493,-0.7564773225782521,0.5039399572985033
2029-04-30,2.0,1.7953206315381696,1.1944249366139448,2.4437500575100826
2029-05-01,0.0,1.755807140802434,1.059204720627789,2.3565286480560164
2029-05-02,1.0,1.7653021568135032,1.1036521628639058,2.4357330904058414
2029-05-03,2.0,1.8540743168977574,1.2139171351510012,2.441914364341896
2029-05-04,2.0,1.869209204209136,1.2553824914869862,2.5579624750981136
2029-05-05,0.0,-0.009667953602088941,-0.5999521874567671,0.6401968742346881
2029-05-06,0.0,0.01376628621843623,-0.6335245957211609,0.6307265149996455
2029-05-07,2.0,1.9689985205271254,1.3407323941546454,2.6283829493862023
2029-05-08,2.0,1.9201526713208847,1.2825587526117013,2.5326703472226697
2029-05-09,2.0,1.9122810841928333,1.2379278521340733,2.572279395637367
2029-05-10,2.0,1.9862125005492293,1.410786036629977,2.614866405551578
2029-05-11,2.0,1.9887962907665662,1.3127886839887668,2.681140137859708
2029-05-12,0.0,0.08839175108753161,-0.5649232952134937,0.6870742513568152
2029-05-13,0.0,0.08873457631464565,-0.5611227469761345,0.7196420508564564
2029-05-14,2.0,2.0204303517066315,1.2913938641802716,2.631604465373951
2029-05-15,2.0,1.947441700246898,1.341870333783341,2.5683634842815186
2029-05-16,2.0,1.9159120846794386,1.2242860898834553,2.5559654370530986
2029-05-17,2.0,1.9834433727274898,1.3922062223313185,2.691106490502863
2029-05-18,2.0,1.9572019643453555,1.306044675188692,2.558404012773427
2029-05-19,0.0,0.03825675850655208,-0.6346909653442028,0.6475325386360036
2029-05-20,0.0,0.022766171797700796,-0.6054259936984208,0.6530197662519357
2029-05-21,2.0,1.939581661365127,1.3206793184753167,2.5811487454650677
2029-05-22,3.0,1.8590122581011161,1.238419624987697,2.4705939519313103
2029-05-23,2.0,1.8251976162874561,1.1706544958282197,2.453659740114694
2029-05-24,2.0,1.868575389858066,1.20941031073397,2.528351017110046
2029-05-25,2.0,1.8568983528306013,1.2673992102423854,2.532182938495533
2029-05-26,0.0,-0.057862647219358854,-0.7449331314743306,0.595718310523598
2029-05-27,0.0,-0.06617832986484551,-0.6997323946200859,0.563203139043745
2029-05-28,3.0,1.8560284993939273,1.2100898198847054,2.4833277200955384
2029-05-29,2.0,1.784684735369243,1.1259973928165603,2.428753587703248
2029-05-30,2.0,1.763851120581625,1.1281446949875291,2.4089562981112724
2029-05-31,2.0,1.8278041423347333,1.192509665903685,2.475680979460598
2029-06-01,0.0,1.8262664880473054,1.1499713226428268,2.473067369911188
2029-06-02,0.0,-0.07262186130485637,-0.6946982311102025,0.5930435980297803
2029-06-03,0.0,-0.06542775139970458,-0.7167859740501622,0.5699988059709264
2029-06-04,1.0,1.8733428298740256,1.2334482803359923,2.4876076583323914
2029-06-05,2.0,1.8192904677110386,1.161848353910606,2.4383572762625323
2029-06-06,2.0,1.8072282718605708,1.1761656365149624,2.471672299980339
2029-06-07,2.0,1.8779207934253686,1.199279068740366,2.4929388502614915
2029-06-08,2.0,1.886856058356403,1.2571247379730444,2.4900411546588943
2029-06-09,0.0,-0.006879960380992589,-0.6681066593285218,0.6240824648115556
2029-06-10,0.0,0.0030829111108943152,-0.6277850859833043,0.6797152957159477
2029-06-11,2.0,1.9452192608513421,1.2939616710221247,2.5990589697096302
2029-06-12,2.0,1.8864824302464889,1.2767255238590387,2.4922795994149682
2029-06-13,2.0,1.8707155939593303,1.1936756106350892,2.489798495236728
2029-06-14,2.0,1.9390004958095028,1.3208212791941711,2.5491364226199793
2029-06-15,2.0,1.9412598525441545,1.2920645320119253,2.562989317141483
2029-06-16,0.0,0.039900235638638426,-0.58067301766468,0.7163049616938736
2029-06-17,0.0,0.041773016198746626,-0.6344864764515878,0.6522548429898359
2029-06-18,2.0,1.9758642864441323,1.329173567658161,2.65033217655244
2029-06-19,2.0,1.9094773219977073,1.2764787633727022,2.541118849983025
2029-06-20,2.0,1.8869855929876442,1.2654429321920493,2.541490218876415
2029-06-21,2.0,1.949791961305408,1.3432297836637825,2.5313525570904614
2029-06-22,2.0,1.9512848838871806,1.3005156147409418,2.583910493963606
2029-06-23,0.0,0.04797211545623248,-0.5714334411825006,0.713132049325517
2029-06-24,0.0,0.05000397861604999,-0.6322905936275046,0.6726965204940848
2029-06-25,2.0,1.983410817852864,1.3332305114864944,2.6233010018899323
2029-06-26,2.0,1.9247181098433068,1.3029378143907093,2.5857225480727895
2029-06-27,2.0,1.9090644404536619,1.282235327634068,2.5392336609664343
2029-06-28,2.0,1.9775623567161216,1.3047697180892714,2.6363407431057473
2029-06-29,2.0,1.9834621256212612,1.3271225185768685,2.612740828111376
2029-06-30,0.0,0.09193835148842977,-0.5462265992304873,0.7391866164569453
2029-07-01,0.0,0.10663276803591137,-0.5686478217705236,0.7344023894925786
2029-07-02,2.0,2.059059541868466,1.4196154347106573,2.6928756912427785
2029-07-03,2.0,2.010187720415353,1.3407273725566944,2.661992206697603
2029-07-04,2.0,2.006386187835244,1.3611237874496793,2.6603654318575476
2029-07-05,2.0,2.088475728066456,1.4380998384575043,2.7031242075416566
2029-07-06,2.0,2.1027605967260348,1.4724371981053836,2.7337563918746577
2029-07-07,0.0,0.21692077424428757,-0.41885233865743005,0.7830289987854682
2029-07-08,0.0,0.23403554671008542,-0.37511901638076517,0.8494310462764357
2029-07-09,2.0,2.1852232328677044,1.5704979841434397,2.7906337295435084
2029-07-10,2.0,2.1307174412819667,1.435640669336232,2.7375787214941862
2029-07-11,2.0,2.116870000863965,1.4485282793468783,2.83292470834692
2029-07-12,2.0,2.1871087804579035,1.5675864979211485,2.806162381644089
2029-07-13,2.0,2.181918087357044,1.5037389951275277,2.8250179517114233
2029-07-14,0.0,0.27189360745687496,-0.3629708909049831,0.9100846663226642
2029-07-15,0.0,0.26030452451330754,-0.40939589854552083,0.9003858425059754
2029-07-16,2.0,2.17543178019446,1.498392569533865,2.826141260840439
2029-07-17,2.0,2.084299000671075,1.4560768556385173,2.693356773992413
2029-07-18,2.0,2.0307396706858856,1.3795541086588765,2.639535325459946
2029-07-19,2.0,2.055983538634175,1.4211579860656995,2.698624504041818
2029-07-20,2.0,2.009683698563324,1.3843530567600535,2.64443337435457
2029-07-21,0.0,0.05520290392943261,-0.5844669172659271,0.6623821199958714
2029-07-22,0.0,-0.000588142209630993,-0.6286224271163903,0.7094620765534357
2029-07-23,2.0,1.8713497355359985,1.2441892884840833,2.511123808499641
2029-07-24,2.0,1.7397972814095317,1.1292136677344766,2.3772960015931184
2029-07-25,2.0,1.6489897140446308,1.0041383412578497,2.2638741607004076
2029-07-26,2.0,1.6410088174848403,0.990631347488558,2.2726100133004303
2029-07-27,1.0,1.5640046720278364,0.9367752659627788,2.210402201888462
2029-07-28,0.0,-0.4125137386102926,-1.0730174197211995,0.18960037505609123
2029-07-29,0.0,-0.4836563620506473,-1.0832717722988359,0.14114108294060798
2029-07-30,1.0,1.3823830740248977,0.771918871141812,1.9940026448913153
2029-07-31,2.0,1.2502972482105716,0.6813496002922598,1.837900053060506
2029-08-01,,1.1732923876260406,0.5626829559824313,1.8117040692069806
2029-08-02,,1.1841029518450537,0.514011665606979,1.8222215618383104
2029-08-03,,1.130835849420187,0.5770553470972208,1.7460666263592806
2029-08-04,,-0.8141559141674963,-1.4794928587275682,-0.211301364109352
2029-08-05,,-0.8464032677419684,-1.4383972663423112,-0.21239801302480865
2029-08-06,,1.060514914044788,0.4422082067494147,1.667696960562876
2029-08-07,,0.9800569039192978,0.32830443431886724,1.6026629830741097
2029-08-08,,0.9536282620988001,0.32651125518468077,1.6138681944648114
2029-08-09,,1.0224138844858588,0.40289228810795763,1.6689958020901319
2029-08-10,,1.0333023257589278,0.41800605456506784,1.6396959049361235
2029-08-11,,-0.845616875188044,-1.4955646535538007,-0.21176785558697503
2029-08-12,,-0.8110849665152815,-1.4326445963364214,-0.1308024748524924
2029-08-13,,1.1620914863640741,0.5444872296951843,1.8008631030990132
2029-08-14,,1.146154106023172,0.5126317143467573,1.7609033747777298
2029-08-15,,1.1813309788494826,0.5549855902904242,1.83893572220991
2029-08-16,,1.309962890519454,0.6331127045919361,1.9542623607016314
2029-08-17,,1.37706799312484,0.7307655877741457,2.007479223354393
2029-08-18,,-0.4588208760955075,-1.0537272263710493,0.17845793719131472
2029-08-19,,-0.38270847168241207,-1.034052711644684,0.19692562039540268
2029-08-20,,1.619813537221846,0.9901217362134141,2.255093760792559
2029-08-21,,1.629516405084868,0.9986310501678436,2.261283414465232
2029-08-22,,1.682408906079432,1.0781954111585013,2.291031688346848
2029-08-23,,1.8183350407415029,1.1801502204261431,2.487362033170506
2029-08-24,,1.8847293317365603,1.183646668905504,2.5081059568637167
2029-08-25,,0.043825945900537455,-0.5704845917868001,0.6908472663128219
2029-08-26,,0.0917989438076674,-0.5644133870193982,0.7505164758352305
2029-08-27,,2.075774386508275,1.4587720675026739,2.727669902726997
2029-08-28,,2.056436735209068,1.327090672897372,2.7268546092081047
2029-08-29,,2.0864151240792985,1.4656157100444962,2.706003681620515
2029-08-30,,2.18429332688318,1.5550713973205592,2.829286264551131
2029-08-31,,2.197197090425793,1.5552665507041399,2.7729157540340013
2029-09-01,,0.32228025255811965,-0.31596599700904787,0.9343136091556206
2029-09-02,,0.3380734910158407,-0.3406748371441326,0.947425885996483
2029-09-03,,2.2742371309264753,1.6683043492802225,2.9128889964666156
2029-09-04,,2.212070389531751,1.6043885295182052,2.828455596270001
2029-09-05,,2.175207516656383,1.5994727724919326,2.8160478241525726
2029-09-06,,2.243534134857269,1.6081747169812117,2.89636928378263
2029-09-07,,2.2168500220359966,1.6095476309563912,2.912760217988303
2029-09-08,,0.3125356561629944,-0.3393978148279169,0.9430974481720061
2029-09-09,,0.2970095704366289,-0.3310959329372837,1.001254554185504
2029-09-10,,2.2098934653008326,1.5782403640032554,2.8381800053403006
2029-09-11,,2.125486773698131,1.467932560297582,2.789017159333431
2029-09-12,,2.0857024028441606,1.4372674329563377,2.7300401657725875
2029-09-13,,2.1317464586484576,1.453967484523125,2.7268034230921834
2029-09-14,,2.0983207912005293,1.480645958096661,2.7131727429530734
2029-09-15,,0.1865479218861239,-0.4595862412086116,0.8553297934890524
2029-09-16,,0.15161319220100644,-0.47278307605791514,0.7864488777066576
2029-09-17,,2.0631074663278604,1.4092948227170687,2.733708209758158
2029-09-18,,1.9982975429560401,1.37684234216825,2.6472115164107755
2029-09-19,,1.998566527110543,1.3624132159832723,2.61509181634442
2029-09-20,,2.0455159216242498,1.4189831781277744,2.7056199860751446
2029-09-21,,2.0564424738613045,1.3709035382109078,2.739577178057441
2029-09-22,,0.14124672979843478,-0.5065455605954406,0.7486598131663754
2029-09-23,,0.14037787587662676,-0.45953336149029095,0.7751844285734866
2029-09-24,,2.0718823988283894,1.3715923264879806,2.707239525012948
2029-09-25,,2.0201785259545217,1.3775430083960096,2.674840850239134
2029-09-26,,2.0221248276527883,1.405570820935934,2.6482134697159307
2029-09-27,,2.0960082879104416,1.4310024163954933,2.7374946564306493
2029-09-28,,2.095035245343273,1.4462329629494288,2.7830617148029275
2029-09-29,,0.20243339823600737,-0.4362007952052635,0.8405224338331048
2029-09-30,,0.20751616702158104,-0.4794021773680336,0.8714090346658387
2029-10-01,,2.1386340224506393,1.490307531301839,2.806474244236699
2029-10-02,,2.084046646582734,1.473276616260916,2.6656537194207233
2029-10-03,,2.0656279639526174,1.473163133289768,2.7490284530569857
2029-10-04,,2.13254637842887,1.5648156091914722,2.8009581852639087
2029-10-05,,2.1284628905701006,1.4961605442740489,2.756599321343157
2029-10-06,,0.22271641303525147,-0.4337883008538426,0.8610480417252406
2029-10-07,,0.220271611443551,-0.39086613301127343,0.8704059319683202
2029-10-08,,2.151339901723808,1.5267536873497431,2.7933132356849124
2029-10-09,,2.0790402773362984,1.4635342905384439,2.7484177957913585
2029-10-10,,2.0491945026865563,1.475259684805224,2.669741675069977
2029-10-11,,2.0999502263481187,1.4263433549559317,2.7427215349898977
2029-10-12,,2.086450328352886,1.4721153356356378,2.705415856443832
2029-10-13,,0.17592624680533797,-0.4598434412237897,0.782638928935785
2029-10-14,,0.1616672326525932,-0.43654025091723825,0.8242962361384729
2029-10-15,,2.0821883334356235,1.4528097620092617,2.7159804991175704
2029-10-16,,2.01627463370932,1.375222257292914,2.635774652107433
2029-10-17,,1.9866494891344755,1.3505461981007794,2.6146118027367127
2029-10-18,,2.043658002942076,1.437292423985048,2.7020286991069122
2029-10-19,,2.028924299057545,1.3838753573062643,2.6726064434252046
2029-10-20,,0.08765272007722213,-0.5628192912333472,0.7257739204278534
2029-10-21,,0.1312645902524867,-0.5032644644243021,0.7507839582624003
2029-10-22,,2.042239286630361,1.3851119467253428,2.6669934358968796
2029-10-23,,1.9933124730826235,1.4024819239598278,2.601560687467824
2029-10-24,,1.9760717858693755,1.3100292901576112,2.625102904260918
2029-10-25,,2.0465897895136185,1.412126300398143,2.669118368562935
2029-10-26,,2.0579223467671115,1.4531753346060776,2.7014942072538846
2029-10-27,,0.16536582019851753,-0.4429287635328371,0.7774725451037691
2029-10-28,,0.17857254728970062,-0.4906543823381601,0.7817940594711287
2029-10-29,,2.1129072996339144,1.474772874762026,2.7842506737197525
2029-10-30,,2.0520013897157465,1.4474794223726257,2.6516686012798796
2029-10-31,,2.0300405048617973,1.4110064463770007,2.678979766224679
2029-11-01,,2.1234508596285693,1.529287224621088,2.7209063244382525
2029-11-02,,2.146206706328111,1.4757560332454076,2.7452248953039353
2029-11-03,,0.22864253132937318,-0.4077626172616408,0.8908467698020054
2029-11-04,,0.25513128637576754,-0.3231449452411854,0.8839660271295867
2029-11-05,,2.211503083076497,1.601556368770045,2.868627842485357
2029-11-06,,2.1530216648164977,1.5094911214612838,2.7950761155214283
2029-11-07,,2.158733332672646,1.547351257609573,2.8137610820906525
2029-11-08,,2.234493649362969,1.6052050668881706,2.885287775936528
2029-11-09,,2.2340889708458076,1.6025553992365562,2.8464529112887216
2029-11-10,,0.3381400761557427,-0.2872010224844776,0.9823911125814219
2029-11-11,,0.36495924259667833,-0.2858111091830543,1.0149077194732368
2029-11-12,,2.306895909482835,1.6560335129585466,2.986412343624566
2029-11-13,,2.244424800695154,1.5818356937537434,2.8644516732028604
2029-11-14,,2.23122559815804,1.5716392304573663,2.8985673541709644
2029-11-15,,2.3075524807323555,1.6430387336605938,2.938621609079905
2029-11-16,,2.3140031498366636,1.6251599537112964,2.961064252626767
2029-11-17,,0.4059501530043317,-0.25699077928631076,1.044326055740194
2029-11-18,,0.41155015651962357,-0.23468174291909344,1.0206920359834912
2029-11-19,,2.35610181095909,1.7481074740293763,2.9901412036913735
2029-11-20,,2.3031809634573457,1.666968021214727,2.9489334217482144
2029-11-21,,2.288623905093846,1.647390779465774,2.9364228613407937
2029-11-22,,2.365687352541025,1.7091256826144163,3.021850268812311
2029-11-23,,2.3679389509692426,1.746483714630597,2.9898800802690557
2029-11-24,,0.4708043635765684,-0.17182746734962784,1.1185797252209044
2029-11-25,,0.4576935900470852,-0.17452126277138558,1.0890986296471974
2029-11-26,,2.3962050444678855,1.7289262552495581,2.9940308303525267
2029-11-27,,2.3284691173227,1.7139910608422944,2.953977079720246
2029-11-28,,2.315933335170043,1.7038865265916532,2.954202442420899
2029-11-29,,2.3863255438011715,1.7451413311915962,3.0090391278510196
2029-11-30,,2.3845061656006066,1.7713266274039516,3.0373345159945595
2029-12-01,,0.47077100332835586,-0.14588234450267729,1.0953791636524695
2029-12-02,,0.4681724772203242,-0.16180393488988928,1.1460461960275858
2029-12-03,,2.379573949328219,1.7548951386499048,3.0039669638274447
2029-12-04,,2.285821832557126,1.6521190557046186,2.927846289612547
2029-12-05,,2.2185606151375157,1.6218902982929921,2.870444990038825
2029-12-06,,2.26246529758336,1.6027873643529187,2.9202384701877793
2029-12-07,,2.2372464684436664,1.6228939965508058,2.8714097035895056
2029-12-08,,0.29501572968654943,-0.2909950519839625,0.9538969497487029
2029-12-09,,0.2525197851733778,-0.40162672105163133,0.9070677383860369
2029-12-10,,2.1307583002647537,1.482260995313604,2.782307866419081
2029-12-11,,2.014775169515813,1.378790411943788,2.635276744771576
2029-12-12,,1.918841912300449,1.2865154523763398,2.564515992905617
2029-12-13,,1.9215693189209622,1.2903908008292913,2.5807601162626264
2029-12-14,,1.8567533292792295,1.2017253243770296,2.4944264231304234
2029-12-15,,-0.101826166844047,-0.8009872014547653,0.5031513646897605
2029-12-16,,-0.1604626520577519,-0.7893393286118646,0.49914207891060236
2029-12-17,,1.7140783607432222,1.0501383289102757,2.3727853561837486
2029-12-18,,1.5924987495651641,0.9645011490377743,2.2649166750644474
2029-12-19,,1.5120697515159502,0.8840143620270213,2.097944997068881
2029-12-20,,1.5206182415790463,0.9109640186798933,2.176039429675287
2029-12-21,,1.4634045461359793,0.8491771734270935,2.159107416380032
2029-12-22,,-0.48278378930509147,-1.119126541042629,0.12753084222879782
2029-12-23,,-0.518064376878689,-1.1493842189506822,0.08351663429435661
2029-12-24,,1.3841596918470354,0.7649565361562509,1.9777577129081292
2029-12-25,,1.2975856535515828,0.624888239336288,1.9353399022304885
2029-12-26,,1.263900380363118,0.6494965154188891,1.9109512709088143
2029-12-27,,1.3246025144286924,0.6657348620481743,1.9663553018371787
2029-12-28,,1.3269157803720555,0.705059211594945,1.9550870869764345
2029-12-29,,-0.5607254385938005,-1.1587428893663252,0.09760906543130231
2029-12-30,,-0.5347199763264157,-1.1358153259164419,0.08439752732404049
2029-12-31,,1.430453523607407,0.8187289753578288,2.0586509929367565
2030-01-01,,1.4099310984603364,0.7490389118705005,2.051079439770321
2030-01-02,,1.4390219008347063,0.7735726110321568,2.0824617969602786
2030-01-03,,1.5523306968818678,0.8858293017021857,2.204537028496756
2030-01-04,,1.6156162204249425,0.972882543764734,2.2295270942297942
2030-01-05,,-0.22793702859613396,-0.8531732531630165,0.3986118086258884
2030-01-06,,-0.15041413513530655,-0.7846507462140094,0.509628585386902
2030-01-07,,1.862198039224748,1.2428770082875211,2.482921608817527
2030-01-08,,1.8685097101834063,1.2880365319919524,2.5324024660631936
2030-01-09,,1.9246017941622624,1.3170499637268696,2.6070757969110705
2030-01-10,,2.058361795156814,1.445809289675268,2.6747603800001523
2030-01-11,,2.133624220698703,1.514787490636226,2.7562921572076116
2030-01-12,,0.2890967603421557,-0.3785384441652508,0.9486956407974128
2030-01-13,,0.35525792047049953,-0.29855521982858374,0.978074928283054
2030-01-14,,2.3537236118753633,1.7446505530206462,2.9865206000101554
2030-01-15,,2.3386849515637254,1.7367908448784901,3.028236175921252
2030-01-16,,2.361063640330117,1.6820549349420064,3.014469778062513
2030-01-17,,2.454514376809208,1.814347098220884,3.092570285983072
2030-01-18,,2.486046879998227,1.8660126884741177,3.1438929253839976
2030-01-19,,0.5948070277958847,-0.03833091389775684,1.251218957932977
2030-01-20,,0.6118901863165259,-0.07527782071507814,1.2610732203756891
2030-01-21,,2.543014231765653,1.8723569082167015,3.1385497658677597
2030-01-22,,2.46618722804442,1.7738676061620409,3.117656473595969
2030-01-23,,2.43245977230855,1.8609947286569988,3.0517430162969963
2030-01-24,,2.476423176618546,1.8456171704491315,3.1234036443039175
2030-01-25,,2.4483601861844493,1.8200514185175642,3.0613019883010066
2030-01-26,,0.5113384889298657,-0.13437230066547529,1.1312572675492432
2030-01-27,,0.48272238503856624,-0.11689445421347765,1.063661157158266
2030-01-28,,2.367295421904901,1.722372567129961,2.97110518458139
2030-01-29,,2.2610851399072356,1.5923717683519873,2.896166454608842
2030-01-30,,2.1984481881130966,1.5645063879435495,2.7907562547242497
2030-01-31,,2.225591325003606,1.561477090835264,2.880359842652815
2030-02-01,,2.1792237084299817,1.5223480593759753,2.8009890692573816
2030-02-02,,0.23741678460359483,-0.43081102856866854,0.8651706539590067
2030-02-03,,0.20965160017785678,-0.36103289973755326,0.7897892798359366
2030-02-04,,2.1121264277483065,1.4787608913059531,2.7237596058152236
2030-02-05,,2.0204267631068253,1.3892947244782694,2.691363655688329
2030-02-06,,1.979852451240474,1.4160893949742466,2.6208514105376017
2030-02-07,,2.0277626884255744,1.3763681209933287,2.6115496559054763
2030-02-08,,2.0174393236323747,1.3827607145205156,2.646685385860654
2030-02-09,,0.11021004882141772,-0.523099571525791,0.729666065326153
2030-02-10,,0.11682777090500651,-0.5454610746259606,0.7161930212124415
2030-02-11,,2.05657618981271,1.4115879676124896,2.7109029545245265
2030-02-12,,2.0029561872464456,1.3390708679241585,2.672415264226376
2030-02-13,,1.9999939690941861,1.3807580945579334,2.64345327675691
2030-02-14,,2.085230135828385,1.4737421755320104,2.7355636231916716
2030-02-15,,2.1054284895661635,1.497481066821492,2.7734277868313515
2030-02-16,,0.23092198075668824,-0.4189549887457583,0.8551696085143023
2030-02-17,,0.2582474635714582,-0.36023670250543877,0.8824958356952586
2030-02-18,,2.216906013405299,1.5925400289687879,2.888181853833932
2030-02-19,,2.1765884518776937,1.567675303588663,2.822613349453967
2030-02-20,,2.178383552736849,1.5477730778239083,2.780447244108686
2030-02-21,,2.2654125601366455,1.6207396914411116,2.9214826221483867
2030-02-22,,2.2827224070729084,1.6494578769079535,2.926820916731797
2030-02-23,,0.3949788909855847,-0.24010931207659286,1.01221056172939
2030-02-24,,0.4063953033841805,-0.2566001216974842,1.0329247751323576
2030-02-25,,2.347672836894752,1.6486530402896766,2.9726399959327487
2030-02-26,,2.286696418559684,1.6330068622152005,2.9417224649456917
2030-02-27,,2.259932385688927,1.6006972348539492,2.8727327766481356
2030-02-28,,2.312978816887236,1.7098909398391169,2.930084123533959
2030-03-01,,2.291371560863611,1.6895672406868543,2.949849394915913
2030-03-02,,0.3803400590212156,-0.25375251091434625,1.0360861588629378
2030-03-03,,0.3608599800515473,-0.2632608882284095,1.0504963637553955
2030-03-04,,2.2711437633177987,1.6559325211658196,2.9054518884691007
2030-03-05,,2.1651768449970534,1.5131155297270535,2.8524882037116988
2030-03-06,,2.117659076648205,1.5104249120295807,2.745071762708579
2030-03-07,,2.150029750270694,1.5001663333930126,2.7990684739103733
2030-03-08,,2.119190478425519,1.4729554515583472,2.7619289887174214
2030-03-09,,0.18726490697058717,-0.46205717997862233,0.817989776949013
2030-03-10,,0.15971731526206723,-0.4574876850408779,0.8023225821260865
2030-03-11,,2.0655408735253733,1.4452501409479839,2.7114538798911214
2030-03-12,,1.9768255204701501,1.369921509997077,2.5941433333277515
2030-03-13,,1.9322827362095387,1.2504686125707332,2.589991263546795
2030-03-14,,1.9816579235582361,1.3758525861574729,2.6485412504223174
2030-03-15,,1.9640507633173696,1.3205189496695253,2.6448853703373456
2030-03-16,,0.0521878602940673,-0.5405256069981705,0.7095406223844548
2030-03-17,,0.04855677498999844,-0.590564502209275,0.6615306043389492
2030-03-18,,1.980671055068701,1.3244527071583305,2.6514819252146444
2030-03-19,,1.91746354338434,1.2210404474949863,2.586690367888663
2030-03-20,,1.9039889982317328,1.2880916448505175,2.5596086631731536
2030-03-21,,1.9780921176367972,1.3412762938561502,2.5700854336392838
2030-03-22,,1.988413868086561,1.3458158755143301,2.616352337564819
2030-03-23,,0.09760883785905428,-0.5251075198991075,0.7319665925553938
2030-03-24,,0.11629431807016322,-0.5001932937331759,0.7300681130133048
2030-03-25,,2.063257228165309,1.4391730786953096,2.672302949520819
2030-03-26,,2.0228764647374575,1.3981344254594705,2.6424476474602074
2030-03-27,,2.0153280177214588,1.3792503681359713,2.614338658650465
2030-03-28,,2.0952861722753098,1.4437575968873635,2.7160398054420654
2030-03-29,,2.102783662668259,1.4367863184945535,2.7579445874169233
2030-03-30,,0.20438733507484774,-0.3939735044804808,0.8312640241130151
2030-03-31,,0.22244449442748637,-0.3846027556724799,0.9168896797858851
2030-04-01,,2.1576104950052626,1.518785060275831,2.766324682893283
2030-04-02,,2.0981707029427605,1.4627046124928242,2.739126497581114
2030-04-03,,2.0655822244109188,1.415270384716822,2.704603506788364
2030-04-04,,2.1225791638766713,1.518552355658743,2.7959723831381758
2030-04-05,,2.1061327382957162,1.4870341870803112,2.7473907661526873
2030-04-06,,0.1911645016062642,-0.4151936609513021,0.7982248892794944
2030-04-07,,0.17258215193109194,-0.46056128204275426,0.8468074331195871
2030-04-08,,2.065944614105283,1.3899870277761002,2.677121831960501
2030-04-09,,1.9777797601382883,1.3402918627634437,2.600377282466766
2030-04-10,,1.9248781912861181,1.287193625649934,2.472585443725857
2030-04-11,,1.955489159874301,1.3252912645951047,2.6044415254912
2030-04-12,,1.9295149459741845,1.2717339876116094,2.559450568321835
2030-04-13,,-0.016747422517641608,-0.6457551755328901,0.6255007332798943
2030-04-14,,-0.038100459133618036,-0.7209547630257702,0.6019648864520689
2030-04-15,,1.866205455461914,1.1976260594868446,2.4943252042336583
2030-04-16,,1.7568923769973406,1.1894721474258994,2.3926742312381037
2030-04-17,,1.713327147180473,1.1149988612532649,2.357113945745745
2030-04-18,,1.7678700921096469,1.1223338452593716,2.416167421189591
2030-04-19,,1.7383926836305463,1.1182157070456218,2.3484974721484893
2030-04-20,,-0.1618706939400445,-0.7919960495237841,0.45379583180851407
2030-04-21,,-0.19346921119149463,-0.8110597445863177,0.4633178220047752
2030-04-22,,1.7343123131985552,1.1120759734418577,2.4025044153894966
2030-04-23,,1.6624847200427848,1.0300524228644898,2.325333962953861
2030-04-24,,1.651015529299202,1.0203047828907963,2.270653674459148
2030-04-25,,1.7233913184689567,1.08385854920678,2.3331650359490426
2030-04-26,,1.7273568181394086,1.1261841606525782,2.398447133129229
2030-04-27,,-0.1643435432117013,-0.8421154161964234,0.5084514554495572
2030-04-28,,-0.1314693936683764,-0.7406665678945417,0.47718896819477075
2030-04-29,,1.8146952600949393,1.2003210055715283,2.4678979190639554
2030-04-30,,1.7763362504809899,1.1540722975615871,2.398357774773094
2030-05-01,,1.7808070765572834,1.1718950365161718,2.4434111646075056
2030-05-02,,1.8723748264886233,1.2034424366788858,2.5090429774950485
2030-05-03,,1.9034779575388097,1.2740965992220408,2.55449581797256
2030-05-04,,0.0380815057284245,-0.5840991778663497,0.6634764851410937
2030-05-05,,0.05092059102576618,-0.6044710928415957,0.6951419814317684
2030-05-06,,2.0120506117056185,1.3290455396174519,2.660977148561259
2030-05-07,,1.9763363885846155,1.3516336986518283,2.5841268356196583
2030-05-08,,1.9648613219775286,1.3356732799704418,2.637395679805976
2030-05-09,,2.033308610210475,1.3933136338812462,2.7273649035999625
2030-05-10,,2.0513748035277755,1.44466404277968,2.646797273798454
2030-05-11,,0.1531987997490769,-0.49749652073365336,0.7805500746620117
2030-05-12,,0.15416816520952548,-0.4923457371310797,0.771187951176631
2030-05-13,,2.079500981771262,1.4598926260600558,2.712521608180288
2030-05-14,,2.0202986521812067,1.3875961986079595,2.6586639852909517
2030-05-15,,1.992316668085023,1.3450358197644543,2.590891410609095
2030-05-16,,2.0582964926088874,1.464532930565686,2.744505930256425
2030-05-17,,2.0386940222684684,1.4341048224527972,2.6796442323044123
2030-05-18,,0.11638726337929217,-0.5314187052796194,0.763015630768609
2030-05-19,,0.10808887777161358,-0.4808617705415212,0.8072128524099811
2030-05-20,,2.012385446206771,1.3649103943231595,2.621373860209854
2030-05-21,,1.9301997648445144,1.3167821743462345,2.5277623523556723
2030-05-22,,1.9050289581100999,1.239101255856441,2.5487249962537084
2030-05-23,,1.9646717976020416,1.3375194296146842,2.5776885721057785
2030-05-24,,1.931282979461165,1.343759796811769,2.5610001762598475
2030-05-25,,-0.0005793031982037622,-0.5888471546094144,0.6538250056208683
2030-05-26,,-0.007827519851440368,-0.682918062625928,0.6110824188057213
2030-05-27,,1.9393021035913498,1.3314241863365328,2.590754314247774
2030-05-28,,1.8617503105140976,1.2224652841959163,2.503248482458072
2030-05-29,,1.8185418329753442,1.182113968306315,2.5024614633176854
2030-05-30,,1.8719585327849153,1.22407287726784,2.502834451369259
2030-05-31,,1.8803620128985385,1.2212661865567416,2.5048188944611964
2030-06-01,,-0.029440187816358154,-0.6562201586516122,0.5983493458850226
2030-06-02,,-0.02449019673684094,-0.6595425152598167,0.6371245566680214
2030-06-03,,1.922691364854629,1.3008785732856967,2.5757872175286116
2030-06-04,,1.864241920334017,1.217015219553191,2.5068848045104044
2030-06-05,,1.848917918198739,1.2135682772509913,2.5353464670932104
2030-06-06,,1.9387746264575223,1.255966973733071,2.5907652357244757
2030-06-07,,1.9323471491737418,1.32103862112236,2.5416361806362726
2030-06-08,,0.04042777359444072,-0.6068812069571874,0.6722705855886005
2030-06-09,,0.05342716263231839,-0.5473058800485895,0.720325869034909
2030-06-10,,1.9809497574108859,1.349594075830209,2.6304721916054263
2030-06-11,,1.9368605770800222,1.270083057407384,2.5526929045287843
2030-06-12,,1.9182391764011333,1.2645527336300257,2.589654532048401
2030-06-13,,1.9895767312656072,1.347930044399964,2.63301555235132
2030-06-14,,1.998833867901578,1.3017221446249245,2.6294223644539243
2030-06-15,,0.09968339470542542,-0.5519676763554646,0.7244775898134599
2030-06-16,,0.10295048233828541,-0.582857662009423,0.7255551390172837
2030-06-17,,2.021691581089253,1.4458025941769608,2.6689649953850156
2030-06-18,,1.9634975255508742,1.3065507840568713,2.5867872937999437
2030-06-19,,1.9497761603308197,1.3277565003564822,2.619817640396077
2030-06-20,,2.014115764323403,1.3951456873150268,2.699841966684121
2030-06-21,,2.0206988735062126,1.366257492571928,2.6238075387215574
2030-06-22,,0.11334511377647316,-0.5083957584230252,0.8167753638347449
2030-06-23,,0.1088553544855273,-0.5495660726481064,0.7243697272422881
2030-06-24,,2.036279171883355,1.4028422287481397,2.6545519927329675
2030-06-25,,1.9768510969535704,1.3000280373985984,2.609156418576931
2030-06-26,,1.9596325036512694,1.3068107426825317,2.626312295156332
2030-06-27,,2.030249564427302,1.4080021150853277,2.6217677891441813
2030-06-28,,2.037466705727511,1.3692511142672101,2.651103814920131
2030-06-29,,0.1430640130410148,-0.510598466301799,0.7495436842507761
2030-06-30,,0.15226428247337043,-0.4998158834652015,0.790698440161649
2030-07-01,,2.1049281802032045,1.5028895502705817,2.728571660732282
2030-07-02,,2.055720064374403,1.3686572230992333,2.70285897972927
2030-07-03,,2.04488139239396,1.3415965693565177,2.659363738053244
2030-07-04,,2.1252152331849885,1.54179546487772,2.719025940875697
2030-07-05,,2.141914331818109,1.5008383831824947,2.8019702238254585
2030-07-06,,0.24696482348454163,-0.408831090178721,0.8864477220091618
2030-07-07,,0.27842056763845835,-0.37878870335028786,0.9067568704543534
2030-07-08,,2.2166309471422494,1.5652734118240366,2.842238449348443
2030-07-09,,2.167566536643297,1.5482424183884638,2.845887036722333
2030-07-10,,2.1580646113364286,1.5074374932399475,2.7993278436544866
2030-07-11,,2.2319441547441734,1.6059203392895702,2.9411134271051687
2030-07-12,,2.238135108157876,1.5996230368559257,2.9077553506016587
2030-07-13,,0.3327202439620225,-0.3132832937173822,0.9326518706912234
2030-07-14,,0.32827227801752157,-0.31865040800603445,0.9622145811048372
2030-07-15,,2.257176566778811,1.6014537814037892,2.9497359064173327
2030-07-16,,2.1704195869910157,1.564744924270755,2.8194434896275338
2030-07-17,,2.128605819022636,1.4672838098156924,2.7747097020260787
2030-07-18,,2.1584410325590557,1.5408629931222928,2.81273531633411
2030-07-19,,2.111005060390194,1.4788282773449504,2.731419240875803
2030-07-20,,0.17720343963751173,-0.4284369338894417,0.8047288318717617
2030-07-21,,0.12674199154195764,-0.5089180444065501,0.7976442079221757
2030-07-22,,2.0015770802066397,1.342672639806092,2.6215756345183676
2030-07-23,,1.8723702294507958,1.2228016491288247,2.504119288264205
2030-07-24,,1.7843644865684016,1.1428211474752905,2.3932000366158386
2030-07-25,,1.7808115257211286,1.1406789326813054,2.4458393022164038
2030-07-26,,1.7129319797534588,1.083009225698664,2.3448350819209307
2030-07-27,,-0.27785376679441587,-0.900311687842626,0.32183946727205226
2030-07-28,,-0.33631956893999293,-0.9319320538670088,0.34142500862346276
2030-07-29,,1.528383517680332,0.8194503989467842,2.1446670491104576
2030-07-30,,1.3841722482292451,0.7324489655517569,2.0255256199369303
2030-07-31,,1.2984154092388949,0.6692229109659326,1.9606622345137428
